state_code,district_code,confirmed_total,recovered_total,deceased_total,tested_total,vaccinated1_total,vaccinated2_total,confirmed_delta,recovered_delta,deceased_delta,vaccinated1_delta,vaccinated2_delta,confirmed_delta7,recovered_delta7,deceased_delta7,vaccinated1_delta7,vaccinated2_delta7,population_meta,tested_meta
AN,Nicobars,0,0,0,0,25394,20313,0,0,0,0,0,0,0,0,62,811,36842,0
AN,North and Middle Andaman,0,0,0,0,78945,59522,0,0,0,0,8,0,0,0,90,1839,105597,0
AN,South Andaman,0,0,0,0,189662,120322,0,0,0,3,28,0,0,0,732,8012,238142,0
AP,Anantapur,157843,156699,1093,787085,2690082,1611476,4,5,0,4575,5370,38,58,0,92803,140903,4083315,2020-11-26
AP,Chittoor,246935,244144,1947,780322,2832987,1807873,64,87,1,878,1306,516,629,6,63824,119541,4170468,2020-11-26
AP,East Godavari,293836,291610,1290,944746,3532220,1990578,87,121,0,41,237,604,520,0,36973,223236,5151549,2020-11-26
AP,Guntur,178068,176629,1237,833823,3440118,1891773,33,198,0,1119,1248,272,619,4,285377,156818,4889230,2020-11-26
AP,Krishna,119348,117130,1430,782232,2971604,1914927,46,71,1,51,337,422,467,9,75352,230788,4529009,2020-11-26
AP,Kurnool,124142,123264,853,867361,2672759,1290419,6,3,0,4716,1538,25,26,0,178620,73119,4046601,2020-11-26
AP,Other District,2461,2461,0,0,0,0,0,0,0,0,0,0,0,0,0,0,0,0
AP,Prakasam,138482,136989,1124,697340,2321031,1521177,6,37,0,3292,5872,103,290,3,137338,130213,3392764,2020-11-26
AP,S.P.S. Nellore,146388,144919,1053,682964,2143402,1403240,34,23,1,2724,1639,155,235,2,96973,114393,2966082,2020-11-26
AP,Srikakulam,123109,122136,786,670899,1630248,974734,19,20,0,2,6,132,72,0,18883,129575,2699471,2020-11-26
AP,Visakhapatnam,157737,156492,1127,744983,2999432,1864960,27,30,0,1309,2311,237,227,1,65301,207340,4288113,2020-11-26
AP,Vizianagaram,82967,82231,672,531433,1393491,996097,7,11,1,601,1855,53,38,1,44847,123576,2342868,2020-11-26
AP,West Godavari,179077,177680,1117,793098,2525317,1778807,40,44,0,878,1884,234,246,4,61021,146562,3934782,2020-11-26
AP,Y.S.R. Kadapa,115623,114904,644,671761,1824032,1328711,12,25,0,1005,1101,82,163,0,65843,90958,2884524,2020-11-26
AR,Anjaw,1068,1065,3,2845,11695,7957,0,0,0,0,0,0,0,0,45,452,21089,2021-01-28
AR,Changlang,3807,3780,22,23861,88857,55361,0,1,0,0,0,3,3,0,298,3803,147951,2021-01-28
AR,East Kameng,1094,1094,0,7489,22931,15646,0,0,0,0,1,0,0,0,76,409,78413,2021-01-28
AR,East Siang,3206,3183,17,21867,54001,39434,0,5,0,0,0,9,10,0,365,2013,99019,2021-01-28
AR,Kamle,512,512,0,1385,6946,3874,0,0,0,0,0,0,0,0,36,185,22256,2021-01-28
AR,Kra Daadi,270,270,0,3218,6275,3272,0,0,0,0,0,0,0,0,5,23,0,2021-01-28
AR,Kurung Kumey,511,510,1,4201,9121,5601,0,0,0,0,0,0,0,0,27,255,89717,2021-01-28
AR,Lepa Rada,874,871,3,6747,13328,10176,0,0,0,6,54,0,1,0,40,307,0,2021-01-28
AR,Lohit,2885,2851,26,14945,31120,22003,0,0,0,0,0,9,3,0,221,1494,145538,2021-01-28
AR,Longding,752,749,2,10342,19259,7826,0,0,0,0,0,1,0,0,46,356,60000,2021-01-28
AR,Lower Dibang Valley,2426,2397,11,12169,32639,22089,0,0,0,19,1,14,3,0,171,931,53986,2021-01-28
AR,Lower Siang,738,730,8,7070,16565,9990,0,0,0,0,0,0,0,0,37,317,80597,2021-01-28
AR,Lower Subansiri,3036,3015,15,10564,26916,18827,0,0,0,2,36,5,2,0,85,767,82839,2021-01-28
AR,Namsai,2124,2102,17,19987,63539,47104,0,0,0,0,0,4,16,0,209,2436,95950,2021-01-28
AR,Pakke Kessang,453,453,0,3327,8004,4998,0,0,0,0,14,0,0,0,25,262,0,2021-01-28
AR,Papum Pare,18316,18212,98,41960,141168,100258,1,1,0,0,0,7,12,0,1055,3799,176385,2021-01-28
AR,Shi Yomi,262,261,0,2169,6910,5663,0,0,0,0,0,1,10,0,2,153,13310,2021-01-28
AR,Siang,411,408,3,4270,14408,9068,0,0,0,0,0,0,0,0,40,197,31920,2021-01-28
AR,Tawang,2577,2533,20,14224,29553,23287,0,0,0,0,0,12,8,0,91,759,49950,2021-01-28
AR,Tirap,1109,1102,5,14657,31565,21200,0,0,0,0,0,0,2,0,35,631,111997,2021-01-28
AR,Upper Dibang Valley,337,335,2,1910,4156,2603,0,0,0,0,0,0,1,0,3,11,7948,2021-01-28
AR,Upper Siang,1016,1015,1,6564,18594,13671,0,0,0,0,0,0,2,0,38,411,35289,2021-01-28
AR,Upper Subansiri,1958,1952,6,6217,24842,16390,0,0,0,0,0,0,0,0,93,1122,83205,2021-01-28
AR,West Kameng,3545,3518,14,28155,55710,40321,0,7,0,15,89,1,21,0,206,1914,87013,2021-01-28
AR,West Siang,1868,1856,6,13192,33773,27867,0,-5,0,0,0,0,3,0,63,640,112272,2021-01-28
AS,Baksa,0,0,0,0,553967,136574,0,0,0,39,172,0,0,0,2992,15169,953773,0
AS,Barpeta,0,0,0,0,1095048,448006,0,0,0,369,1035,0,0,0,10495,48544,1693190,0
AS,Biswanath,0,0,0,0,456088,213437,0,0,0,507,1655,0,0,0,5661,35727,612491,0
AS,Bongaigaon,0,0,0,0,493242,183782,0,0,0,85,1287,0,0,0,2784,18356,732639,0
AS,Cachar,0,0,0,0,1101266,402535,0,0,0,2149,966,0,0,0,26826,21591,1736319,0
AS,Charaideo,0,0,0,0,309125,111219,0,0,0,3,26,0,0,0,1853,16868,0,0
AS,Chirang,0,0,0,0,288696,102397,0,0,0,22,89,0,0,0,2488,9573,481818,0
AS,Darrang,0,0,0,0,596783,183724,0,0,0,365,270,0,0,0,17453,21800,908090,0
AS,Dhemaji,0,0,0,0,431792,184251,0,0,0,55,47,0,0,0,3423,15318,688077,0
AS,Dhubri,0,0,0,0,945264,229696,0,0,0,1042,1906,0,0,0,12450,25644,1948632,0
AS,Dibrugarh,0,0,0,301657,914640,430800,0,0,0,699,4007,0,0,0,8869,38695,1327748,2021-02-01
AS,Dima Hasao,0,0,0,0,116318,62593,0,0,0,160,59,0,0,0,2532,3737,213529,0
AS,Goalpara,0,0,0,0,662016,195521,0,0,0,47,81,0,0,0,4013,30725,1008959,0
AS,Golaghat,0,0,0,0,711564,306745,0,0,0,504,2676,0,0,0,6525,51417,1058674,0
AS,Hailakandi,0,0,0,0,422295,146888,0,0,0,88,705,0,0,0,1724,11247,659260,0
AS,Hojai,0,0,0,0,602504,274035,0,0,0,512,2979,0,0,0,6217,36724,931218,0
AS,Jorhat,0,0,0,0,649267,297724,0,0,0,225,2154,0,0,0,3383,39677,1091295,0
AS,Kamrup,0,0,0,0,1079092,409628,0,0,0,231,253,0,0,0,10451,45828,1517202,0
AS,Kamrup Metropolitan,0,0,0,0,1246239,875897,0,0,0,359,1713,0,0,0,6625,38155,1260419,0
AS,Karbi Anglong,0,0,0,0,284600,102798,0,0,0,342,280,0,0,0,13744,12778,965280,0
AS,Karimganj,0,0,0,0,681216,203575,0,0,0,331,1382,0,0,0,5088,20659,1217002,0
AS,Kokrajhar,0,0,0,0,538901,156488,0,0,0,162,823,0,0,0,3935,19711,886999,0
AS,Lakhimpur,0,0,0,0,681386,301369,0,0,0,148,1555,0,0,0,5870,42164,1040644,0
AS,Majuli,0,0,0,0,117599,82507,0,0,0,36,166,0,0,0,1524,7176,167304,0
AS,Morigaon,0,0,0,0,592446,212146,0,0,0,264,482,0,0,0,5298,27861,957853,0
AS,Nagaon,0,0,0,0,1203831,448081,0,0,0,758,1481,0,0,0,16396,36734,2826006,0
AS,Nalbari,0,0,0,0,483076,168392,0,0,0,388,1492,0,0,0,6785,25411,769919,0
AS,Sivasagar,0,0,0,0,478954,223921,0,0,0,46,714,0,0,0,1946,23104,1150253,0
AS,Sonitpur,0,0,0,0,767841,434213,0,0,0,448,2664,0,0,0,8341,48290,1925975,0
AS,South Salmara Mankachar,0,0,0,0,239906,76599,0,0,0,260,1288,0,0,0,1978,15304,555114,0
AS,Tinsukia,0,0,0,0,795057,286170,0,0,0,6637,1679,0,0,0,45002,22410,1316948,0
AS,Udalguri,0,0,0,24661,504439,133919,0,0,0,1935,1396,0,0,0,17371,19343,832769,2020-09-16
AS,West Karbi Anglong,0,0,0,0,127612,42942,0,0,0,312,147,0,0,0,4593,4186,300320,0
BR,Araria,14978,14859,116,219221,1177154,395227,0,0,0,5177,3067,2,0,0,51331,69085,2806200,2020-10-03
BR,Arwal,7381,7307,74,101624,345175,116424,0,0,0,262,1360,0,0,0,4059,17125,700843,2021-01-31
BR,Aurangabad,20011,19936,75,412007,1132482,407913,0,0,0,1264,2657,0,0,0,25561,56431,2511243,2021-01-31
BR,Banka,7379,7267,112,364776,935177,351254,0,0,0,2635,3138,0,0,0,24239,34077,2029339,2021-01-31
BR,Begusarai,27212,26754,457,213670,1430906,480982,0,1,0,1906,2774,2,7,0,33903,65735,2954367,2020-09-26
BR,Bhagalpur,25840,25531,309,582113,1494951,650332,0,1,0,2122,3458,1,1,0,49875,78088,3032226,2021-01-31
BR,Bhojpur,10210,10051,159,466438,1291186,382719,0,0,0,3232,4879,0,0,0,31626,53006,2720155,2021-01-31
BR,Buxar,9248,9066,182,461428,907374,322555,0,0,0,1083,2516,0,0,0,14794,38792,1707643,2021-01-31
BR,Darbhanga,10937,10567,370,448442,1869372,741553,0,0,0,2858,5306,0,1,0,39165,82276,3921971,2021-01-11
BR,East Champaran,19017,18585,430,548132,2498559,1002939,0,0,0,2434,8014,2,0,0,29316,84760,5082868,2020-11-03
BR,Gaya,33952,33672,280,872359,1925234,722746,0,0,0,1708,1689,0,1,0,72504,82490,4379383,2021-01-31
BR,Gopalganj,16685,16591,94,562654,1286763,481968,0,0,0,5308,8468,0,1,0,31750,70093,2558037,2021-01-31
BR,Jamui,9418,9312,106,342005,800488,222093,0,0,0,1435,1416,0,1,0,24440,24005,1756078,2021-01-31
BR,Jehanabad,10783,10674,109,492255,498448,184446,0,0,0,498,1617,0,0,0,12986,27200,1124176,2021-01-31
BR,Kaimur,4984,4837,147,442332,801438,225437,0,0,0,1067,2183,0,0,0,19996,28681,1626900,2021-01-31
BR,Katihar,18145,18051,94,556438,1451838,403046,0,0,0,2680,2966,0,1,0,53448,75733,3068149,2021-01-31
BR,Khagaria,10064,9976,88,148340,775019,222012,0,0,0,881,2118,0,0,0,15402,32372,1657599,2020-10-04
BR,Kishanganj,10128,10057,66,294321,757066,205274,3,1,0,1997,1445,4,2,0,24597,25592,1690948,2021-01-31
BR,Lakhisarai,7776,7674,102,332434,461970,138407,0,0,0,595,1005,0,0,0,8894,16437,1000717,2021-01-31
BR,Madhepura,12547,12435,111,455482,965767,260408,0,0,0,2700,4459,1,0,0,28832,43563,1994618,2021-01-31
BR,Madhubani,18365,18023,339,715168,1974159,680214,2,0,0,2735,6686,3,0,0,28535,69785,4476044,2021-01-31
BR,Munger,15111,14953,158,325212,707588,264665,0,0,0,851,2867,0,1,0,7445,33005,1359054,2021-01-31
BR,Muzaffarpur,31398,30777,621,722651,2253919,717015,0,0,0,3545,7023,0,1,0,40686,80513,4778610,2021-01-31
BR,Nalanda,23432,22964,468,591346,1393762,638181,0,0,0,2168,1826,0,0,0,36716,66091,2872523,2021-01-31
BR,Nawada,10353,10174,178,322514,1062349,274319,0,0,0,4176,4338,1,0,0,46619,35295,2216653,2020-11-16
BR,Patna,147007,144651,2334,676238,3421614,2366474,2,3,0,737,2024,14,8,0,35436,159875,5772804,2021-01-31
BR,Purnia,24427,24247,180,568756,1603099,729224,0,0,0,2821,1959,0,0,0,61212,74531,3273127,2021-01-05
BR,Rohtas,13980,13707,271,521553,1498172,465660,0,0,0,4911,4149,2,0,0,40918,59698,2962593,2021-01-31
BR,Saharsa,17616,17482,134,356327,995618,366567,0,0,0,28493,18126,0,0,0,106392,80718,1897102,2021-01-31
BR,Samastipur,20020,19864,155,614569,1991102,555728,1,1,0,3216,5157,2,2,0,48167,64119,4254782,2021-01-31
BR,Saran,23278,23020,255,761473,1868014,736766,0,2,0,4149,6693,5,2,0,41734,82407,3943098,2021-01-31
BR,Sheikhpura,7693,7618,75,142348,287209,95322,0,0,0,345,788,0,0,0,4942,10739,634927,2021-01-31
BR,Sheohar,4404,4368,36,199431,300967,108766,0,0,0,666,1629,0,2,0,2946,7111,656916,2020-11-16
BR,Sitamarhi,9185,9058,127,453227,1511464,424182,0,0,0,3873,5476,0,0,0,43474,60677,3419622,2021-01-31
BR,Siwan,15195,15025,170,536438,1670590,684755,0,0,0,1163,4030,0,0,0,18385,69069,3318176,2021-01-31
BR,Supaul,17222,17093,129,456511,1069993,369925,0,0,0,3029,5131,0,0,0,35486,71754,2228397,2021-01-31
BR,Vaishali,19827,19632,192,275884,1671469,478638,0,0,0,1522,2621,1,0,0,45426,59038,3495021,2021-01-31
BR,West Champaran,20890,20532,358,551778,1784016,469332,0,0,0,7525,6316,0,0,0,42709,52019,3935042,2021-01-31
CH,Chandigarh,65351,64495,820,792851,926035,546981,5,3,0,211,1282,28,20,0,3680,21641,1055450,2021-10-31
CT,Balod,27278,26880,396,2749,537459,271570,0,0,0,523,762,2,1,0,5983,9451,826165,2020-06-14
CT,Baloda Bazar,43085,42611,471,3816,617777,211945,0,1,0,953,605,0,3,0,25353,17419,1305343,2020-06-14
CT,Balrampur,20302,20182,118,21481,305554,112777,0,0,0,1654,725,0,0,0,21912,17709,598855,2020-09-20
CT,Bametara,19963,19726,236,3113,405388,132925,1,0,0,25,25,1,0,0,14367,7690,197035,2020-06-14
CT,Bastar,21066,20845,188,4522,443759,178775,2,2,0,82,129,24,2,0,10696,9616,1302253,2020-05-23
CT,Bijapur,8324,8263,55,1239,103247,44245,3,1,0,47,56,5,3,0,1251,913,229832,2020-06-14
CT,Bilaspur,65681,64448,1210,9823,1031494,525066,1,3,0,2404,9113,17,8,2,18318,50320,1961922,2020-06-14
CT,Dakshin Bastar Dantewada,10840,10809,25,1168,158243,80855,1,0,0,143,1299,6,2,0,2225,5410,533638,2020-06-14
CT,Dhamtari,27239,26690,545,1501,509782,224591,0,2,0,1,18,2,2,0,6188,7319,799199,2020-06-14
CT,Durg,96880,95028,1798,5020,1012391,525445,4,6,0,468,908,26,18,1,17012,22719,3343079,2020-06-14
CT,Gariaband,19701,19506,194,2096,293987,99137,0,0,0,440,153,1,0,0,9982,5872,597653,2020-06-14
CT,Gaurela Pendra Marwahi,12011,11864,146,273,189474,79788,1,0,0,257,297,1,0,0,4045,4587,0,2020-06-14
CT,Janjgir Champa,57636,56766,838,4016,896087,317605,2,4,0,1722,1341,19,8,1,45568,30991,1620632,2020-06-14
CT,Jashpur,27093,26867,212,2542,435884,182747,0,3,0,187,383,10,6,0,10933,13098,852043,2020-06-14
CT,Kabeerdham,22771,22503,267,2829,402362,173494,0,0,0,1128,1288,1,0,0,17511,17876,584667,2020-06-14
CT,Kondagaon,13139,13036,99,1607,317695,100468,0,0,0,243,184,4,1,0,8359,7999,578326,2020-06-14
CT,Korba,54847,54228,580,10034,650457,287588,5,2,0,1086,1126,23,11,0,24033,24911,1206563,2020-06-14
CT,Koriya,26980,26798,177,2689,375503,128177,0,0,1,2370,346,6,0,1,15621,5751,659039,2020-06-14
CT,Mahasamund,31365,31000,365,2183,738333,428365,0,0,0,159,6309,0,1,0,4416,72466,1032275,2020-06-14
CT,Mungeli,23921,23753,167,2922,282508,109857,0,0,0,1330,981,1,2,0,15254,12880,701707,2020-06-14
CT,Narayanpur,4019,4005,14,804,53032,19468,0,0,0,1075,903,0,1,0,3057,1858,140206,2020-06-14
CT,Other District,805,666,131,0,0,0,1,0,0,0,0,4,3,0,0,0,0,0
CT,Raigarh,62590,61597,978,5084,1074306,967326,2,4,0,752,6265,8,8,0,5114,122838,1493627,2020-06-14
CT,Raipur,158035,154852,3139,12704,1557999,915437,9,3,0,789,3193,33,15,0,10441,40794,4062160,2020-06-14
CT,Rajnandgaon,56077,55557,515,124947,1028876,530711,0,0,0,596,650,5,3,0,15753,25270,1537520,2020-11-09
CT,Sukma,8066,8041,20,1723,134654,81437,0,1,0,140,77,1,4,0,3208,5401,249000,2020-06-14
CT,Surajpur,29029,28805,224,1830,419247,163526,0,0,0,442,322,0,0,0,13506,13873,660280,2020-06-14
CT,Surguja,33673,33426,245,103578,468885,277031,0,0,0,1831,1834,2,0,0,29827,33226,420661,2020-11-18
CT,Uttar Bastar Kanker,23636,23407,224,2051,405744,171484,0,0,0,995,645,3,1,0,17930,14621,748593,2020-06-14
DL,Delhi,1439870,1414431,25091,29427753,13055636,7425404,45,46,0,12482,11839,267,239,0,160323,269146,19814000,2021-10-31
DN,Dadra and Nagar Haveli,5920,5910,3,44813,387772,183553,0,0,0,3,18,0,0,0,870,6759,343709,2020-10-20
DN,Daman,3543,3516,1,19338,234202,155547,0,1,0,0,0,0,2,0,1880,6793,191173,2020-10-20
DN,Diu,1218,1218,0,8259,38779,31153,0,0,0,0,0,0,0,0,52,690,52074,2020-10-20
GA,North Goa,0,0,0,0,600586,424066,0,0,0,1070,5967,0,0,0,4007,23958,817761,0
GA,South Goa,0,0,0,0,661972,487016,0,0,0,1492,6405,0,0,0,4401,22504,639962,0
GJ,Ahmedabad,238334,234889,3411,2556492,5961594,3439921,4,2,0,1765,11394,22,14,0,47316,169891,7208200,2021-02-02
GJ,Amreli,10810,10708,102,212265,927389,551970,0,0,0,399,3792,0,0,0,5473,39398,1513614,2021-02-02
GJ,Anand,9637,9581,49,171851,1471865,935893,0,0,0,4876,2866,6,1,0,33012,46764,2090276,2021-02-02
GJ,Aravalli,5186,5108,78,122182,717964,522361,0,0,0,2,106,0,0,0,1439,32201,1051746,2021-02-02
GJ,Banaskantha,13631,13469,162,218527,2140492,1157901,0,0,0,390,3521,0,0,0,16080,82985,3116045,2021-02-02
GJ,Bharuch,11426,11308,118,156057,1217587,669742,0,0,0,1539,2936,0,0,0,21270,45926,1550822,2021-02-02
GJ,Bhavnagar,21447,21143,301,392834,1680398,986097,1,0,0,359,1470,1,0,0,19467,81374,2877961,2021-02-02
GJ,Botad,2218,2176,42,98559,378232,228691,0,0,0,13,235,0,0,0,929,14235,656005,2021-02-02
GJ,Chhota Udaipur,3395,3357,38,93838,635695,420157,0,0,0,4,818,0,0,0,699,19920,1071831,2021-02-02
GJ,Dahod,9955,9917,38,218259,1499052,631818,0,0,0,8,1930,0,0,0,626,53547,2126558,2021-02-02
GJ,Dang,866,848,18,31921,156334,59262,0,0,0,2,1,0,0,0,4140,3726,226769,2021-02-02
GJ,Devbhumi Dwarka,4175,4093,82,80424,504501,309771,0,0,0,315,373,0,0,0,4666,24924,752484,2021-02-02
GJ,Gandhinagar,20754,20549,205,292598,1175562,706208,0,0,0,69,367,0,0,0,5475,36333,1387478,2021-02-02
GJ,Gir Somnath,8570,8499,67,121948,845224,363467,0,0,0,912,15,2,2,0,8524,15341,1217477,2021-02-02
GJ,Jamnagar,34978,34494,478,307911,1111813,653950,0,1,0,367,1366,5,3,0,9406,37158,2159130,2021-02-02
GJ,Junagadh,20505,20226,272,199699,1316479,733025,2,0,0,62,1232,6,2,0,2660,71531,2742291,2021-02-02
GJ,Kheda,10439,10391,48,218140,1454344,893742,0,0,0,124,2105,0,1,0,11668,73838,2298934,2021-02-02
GJ,Kutch,12631,12474,145,267060,1412923,680232,0,0,0,15,351,5,1,0,8920,49662,2090313,2021-02-02
GJ,Mahisagar,8194,8122,72,122796,815594,459520,0,0,0,1,929,0,0,0,62,16517,994624,2021-02-02
GJ,Mehsana,24419,24242,177,229904,1405786,869969,0,0,0,71,723,0,1,0,7523,48550,2027727,2021-02-02
GJ,Morbi,6502,6415,87,157321,674000,308840,0,0,0,31,118,0,0,0,9950,20297,960329,2021-02-02
GJ,Narmada,5955,5940,15,76134,413260,279684,0,0,0,2,12,0,2,0,546,13890,590379,2021-02-02
GJ,Navsari,7215,7181,24,129099,948673,647484,0,1,0,62,2009,5,13,0,1852,29095,1330711,2021-02-02
GJ,Other District,162,159,3,108,0,0,0,0,0,0,0,0,0,0,0,0,0,2020-06-27
GJ,Panchmahal,11770,11700,70,160981,1105110,626003,0,0,0,80,1246,0,0,0,7294,44832,2388267,2021-02-02
GJ,Patan,11624,11495,129,169059,850462,533438,0,0,0,20,259,0,0,0,3369,37745,1342746,2021-02-02
GJ,Porbandar,3486,3467,19,97912,419364,256377,0,0,0,48,1062,0,0,0,1140,13063,586062,2021-02-02
GJ,Rajkot,57976,57243,725,731251,2227111,1255012,0,7,0,43,153,7,7,0,17510,53546,3157676,2021-02-02
GJ,Sabarkantha,9317,9159,157,182090,1000517,596705,0,0,0,66,1181,1,0,0,4232,45789,2427346,2021-02-02
GJ,Surat,143874,141885,1956,1938229,4781894,2529712,4,4,0,2525,7090,38,30,1,35083,115694,4996391,2021-02-02
GJ,Surendranagar,8121,7985,136,201153,1113845,715931,0,0,0,51,647,0,0,0,18641,79795,1755873,2021-02-02
GJ,Tapi,4441,4417,24,92524,527345,303297,0,0,0,14,111,0,0,0,3010,23409,806489,2021-02-02
GJ,Vadodara,78159,77335,788,695670,2612578,1940514,6,2,0,437,12194,36,14,0,16527,182027,3639775,2021-02-02
GJ,Valsad,6405,6308,53,155380,1232139,704675,3,6,0,84,46,25,25,1,6616,36430,1703068,2021-02-02
HP,Bilaspur,14374,14120,85,39738,323204,234916,11,12,0,6,329,133,77,0,695,15071,382056,2020-12-19
HP,Chamba,13687,13492,160,53505,364258,198146,0,2,0,146,1749,27,13,0,1439,18796,518844,2020-12-19
HP,Hamirpur,17379,16741,287,46407,377332,269143,11,50,0,0,32,288,228,4,713,26076,454293,2020-12-19
HP,Kangra,50818,48872,1125,94910,1182563,725754,40,108,1,2,23,657,454,10,2399,39940,1507223,2020-12-19
HP,Kinnaur,3507,3465,38,6730,79673,63209,0,1,0,0,0,2,6,0,95,517,84298,2020-12-19
HP,Kullu,9692,9496,158,12012,351261,203549,0,3,0,0,0,19,18,0,889,9323,437474,2020-09-29
HP,Lahaul and Spiti,2953,2935,18,540,31920,20986,0,0,0,0,0,0,0,0,30,412,31528,2020-10-31
HP,Mandi,31606,30983,448,41895,775242,479355,4,5,0,99,2275,140,141,3,1156,26214,999518,2020-12-19
HP,Shimla,27549,26786,641,32922,678341,412640,4,9,0,20,1688,100,66,3,2224,37351,813384,2020-12-19
HP,Sirmaur,15456,15244,211,42564,423793,209631,0,0,0,52,1185,1,0,0,1388,22247,530164,2020-12-19
HP,Solan,22817,22472,314,57200,691163,339630,4,2,0,33,493,25,27,0,1393,21242,576670,2020-12-19
HP,Una,14268,13804,253,52905,434945,286819,11,6,0,24,396,145,124,0,824,16782,521057,2020-12-19
HR,Ambala,30150,29639,509,206003,873020,571772,0,0,0,100,587,2,1,0,3021,25458,1136784,2021-01-30
HR,Bhiwani,22409,21757,652,176225,741251,317765,0,0,0,578,2454,0,0,0,6166,25664,1629109,2021-01-30
HR,Charkhi Dadri,5078,4939,139,58525,364599,262184,0,0,0,2,35,0,2,0,941,11884,502276,2020-10-28
HR,Faridabad,99902,99157,716,504970,1658940,840997,1,0,0,818,1577,18,7,0,17515,30156,1798954,2021-01-30
HR,Fatehabad,17875,17394,481,27456,574546,201763,0,0,0,30,37,0,0,0,1800,7458,941522,2020-08-29
HR,Gurugram,181428,180454,922,742619,2193114,1377160,7,8,0,264,1637,55,48,0,20221,48107,1514085,2021-01-30
HR,Hisar,53995,52857,1136,322039,994213,332162,0,0,0,58,111,2,0,0,5821,12364,1742815,2021-01-30
HR,Jhajjar,18849,18514,328,186853,684511,293496,0,0,0,569,996,1,0,0,8229,19599,956907,2020-11-30
HR,Jind,21209,20675,533,11157,704573,250859,0,0,0,490,567,1,0,0,13366,21662,1332042,2020-07-13
HR,Kaithal,11244,10898,346,11687,615168,217439,0,0,0,69,149,0,2,0,4183,11836,1072861,2020-07-13
HR,Karnal,40037,39484,552,185147,1000120,451876,1,0,0,617,217,1,0,0,8109,23328,1506323,2021-01-30
HR,Kurukshetra,22147,21789,357,198881,610380,248125,0,0,0,55,199,1,1,0,4064,9522,964231,2021-01-29
HR,Mahendragarh,21689,21534,155,143253,576527,264911,0,0,0,205,529,0,0,0,4857,10632,921680,2021-01-30
HR,Nuh,5014,4890,123,93389,354422,78081,0,0,0,2433,583,0,0,0,10812,3789,1089406,2020-11-01
HR,Palwal,11025,10872,153,139809,608874,221786,0,0,0,358,259,0,0,0,7558,9496,1040493,2021-01-30
HR,Panchkula,30770,30379,378,118725,456675,279951,1,2,0,127,1033,10,12,0,1786,10743,558890,2020-12-05
HR,Panipat,31150,30510,638,58863,830805,273172,1,0,0,375,1054,1,0,0,7950,12888,1202811,2020-10-06
HR,Rewari,20327,20106,221,151363,648724,294989,0,0,0,83,353,0,4,0,2550,9877,896129,2021-01-30
HR,Rohtak,25903,25350,534,25894,674649,305282,0,0,0,311,953,0,1,0,11409,17219,1058683,2020-07-13
HR,Sirsa,29282,28771,508,150193,786205,278920,0,0,0,47,92,3,2,0,4263,8228,1295114,2020-12-06
HR,Sonipat,47138,46884,254,238963,989125,411915,0,0,0,785,2190,0,1,0,9421,21065,1480080,2020-12-06
HR,Yamunanagar,24631,24215,414,196131,831598,340196,0,0,0,102,185,0,6,0,6471,16554,1214162,2021-01-30
JH,Bokaro,19461,19170,286,11798,994497,333330,0,0,0,3236,4363,15,13,0,27554,34375,2061918,2020-07-23
JH,Chatra,6033,5977,53,0,454807,126700,0,0,0,909,1813,0,0,0,5946,11402,1042304,0
JH,Deoghar,10835,10721,113,6951,569167,230458,0,0,0,985,2299,2,1,0,9801,19008,1491879,2020-07-23
JH,Dhanbad,16589,16196,382,0,1185934,446946,0,1,0,2811,3597,24,13,0,33374,34095,2682662,0
JH,Dumka,4636,4589,47,5400,638722,229944,0,1,0,1460,2659,2,2,0,12679,22872,1321096,2020-07-23
JH,East Singhbhum,51974,50907,1046,0,1424376,661091,0,3,0,1925,4669,47,42,2,11994,29238,2291032,0
JH,Garhwa,6895,6801,94,0,456056,148421,0,1,0,4770,3027,6,7,0,17210,15386,1322387,0
JH,Giridih,8964,8834,130,11132,994417,301193,0,0,0,2411,3577,0,0,0,16994,29823,2445203,2020-07-23
JH,Godda,5840,5753,87,10980,527710,198198,0,0,0,906,1883,1,1,0,7385,16537,1311382,2020-07-23
JH,Gumla,9900,9857,38,0,387738,156364,0,0,0,465,744,5,0,0,4900,8696,1025656,0
JH,Hazaribagh,19593,19404,186,0,865943,317137,0,0,0,678,1243,3,3,0,11940,21857,1734005,0
JH,Jamtara,5599,5534,61,2880,381155,137216,0,0,0,973,1373,4,3,1,9614,12331,790207,2020-07-21
JH,Khunti,7820,7724,96,3852,227503,107053,0,0,0,354,367,0,0,0,3335,3834,530299,2020-07-29
JH,Koderma,12872,12736,136,0,363078,140609,0,0,0,45,235,0,0,0,3393,11488,717169,0
JH,Latehar,7871,7814,57,0,294989,84919,0,0,0,1158,773,0,0,0,9565,7719,725673,0
JH,Lohardaga,6709,6621,88,7526,173109,63130,0,0,0,188,166,0,2,0,3444,3563,461738,2020-07-25
JH,Pakur,2552,2539,12,6429,378048,108941,0,0,0,3009,2636,0,0,0,9945,9107,899200,2020-07-23
JH,Palamu,12294,12184,110,0,788026,311074,0,0,0,5270,6713,0,0,0,21657,37375,1936319,0
JH,Ramgarh,13923,13714,197,0,522017,185442,0,0,0,645,944,7,0,0,5306,10927,949159,0
JH,Ranchi,86116,84495,1585,0,1512114,656001,10,2,0,4743,4594,182,228,0,35099,38856,2912022,0
JH,Sahibganj,4834,4792,42,5029,430948,132560,0,0,0,1336,947,0,0,0,10449,13687,1150038,2020-07-23
JH,Saraikela-Kharsawan,7207,7137,67,161796,505417,167980,0,0,0,682,490,0,0,0,11215,12399,1063458,2020-12-13
JH,Simdega,7193,7101,92,0,277357,112059,0,0,0,67,189,0,0,0,1694,4126,599813,0
JH,West Singhbhum,13054,12918,133,0,630437,225607,0,0,0,895,962,5,5,0,12587,16980,1501619,0
JK,Anantnag,16603,16378,205,0,759605,402717,2,2,0,69,4677,10,12,0,1472,30949,1070144,0
JK,Bandipora,9814,9693,102,0,303665,154345,1,0,0,12,639,13,19,0,349,6835,385099,0
JK,Baramulla,24613,24196,282,0,776258,450002,10,6,0,42,2327,96,64,0,1665,29357,1015503,0
JK,Budgam,23844,23548,207,0,592075,319587,10,10,0,113,2657,63,53,0,1409,22456,735753,0
JK,Doda,7869,7704,133,0,313983,158751,2,0,0,74,1079,18,26,0,1065,19212,409576,0
JK,Ganderbal,10436,10313,79,0,227349,133812,7,2,0,33,1116,31,12,0,370,9271,297003,0
JK,Jammu,53324,52145,1145,0,1168448,610537,3,6,0,86,593,20,37,0,4121,16781,1526406,0
JK,Kathua,9327,9175,152,0,482584,249588,0,0,0,108,2053,0,5,1,1867,22270,615711,0
JK,Kishtwar,4819,4773,44,0,164754,78041,0,0,0,85,320,1,0,0,3948,3385,230696,0
JK,Kulgam,11489,11367,117,0,401091,202260,1,2,0,39,1610,2,5,0,632,20244,422786,0
JK,Kupwara,14463,14268,166,0,673594,348327,5,4,0,165,8743,25,25,0,3959,42820,875564,0
JK,Pulwama,15512,15309,194,139552,430622,244300,4,0,0,24,1414,5,5,0,1021,16829,570060,2021-01-01
JK,Punch,6482,6371,98,0,386098,234540,0,0,0,45,3190,7,14,0,695,27765,476820,0
JK,Rajouri,11272,11031,237,0,498787,241407,0,0,0,56,752,4,7,0,1247,9544,619266,0
JK,Ramban,6043,5971,67,0,220690,147086,1,0,0,155,829,3,0,0,1498,10369,283313,0
JK,Reasi,6626,6575,43,0,244379,133971,0,2,0,240,1808,4,10,0,1644,15636,314714,0
JK,Samba,7152,7032,120,0,280700,122554,0,0,0,40,468,0,2,0,1207,6224,318611,0
JK,Shopiyan,5607,5549,58,0,203036,95122,0,0,0,6,302,0,0,0,139,7669,265960,0
JK,Srinagar,75539,74242,846,0,957347,592016,49,45,0,394,11547,305,274,2,2788,80075,1269751,0
JK,Udhampur,11415,11275,137,0,425945,227785,0,0,0,76,700,4,2,0,2420,14763,555357,0
KA,Bagalkote,35178,34843,333,49851,1188016,613422,0,0,0,823,98,0,0,0,57683,22844,1890826,2020-08-23
KA,Ballari,97763,95961,1689,402407,1758198,864065,0,2,0,2415,483,9,14,0,54006,84805,2532383,2020-12-28
KA,Belagavi,79900,78879,938,396565,3165252,1386668,6,1,0,427,825,20,21,1,39701,98350,4778439,2021-01-02
KA,Bengaluru Rural,62005,61073,890,240277,700825,385704,3,3,0,118,994,23,27,2,5196,22700,987257,2021-01-31
KA,Bengaluru Urban,1251872,1229059,16281,6883888,9219875,5903791,137,204,7,2109,11462,1165,1093,37,48836,247281,9588910,2021-01-31
KA,Bidar,24340,23936,400,67689,929776,515993,0,0,0,408,740,0,5,0,13739,30558,1700018,2020-08-29
KA,Chamarajanagara,33001,32469,500,5156,647951,351940,0,4,0,25,399,6,15,0,2102,36658,1020962,2020-06-28
KA,Chikkaballapura,43951,43501,429,15089,852473,497674,2,0,1,16,22,11,8,3,4700,19860,1254377,2020-06-28
KA,Chikkamagaluru,51126,50662,395,5467,737417,346002,3,4,0,14,29,28,93,0,4830,13010,1137753,2020-06-28
KA,Chitradurga,36666,36412,206,4393,1020280,618156,3,3,0,2340,1956,17,12,0,45062,47252,1660378,2020-06-28
KA,Dakshina Kannada,115478,113515,1680,131281,1531107,848253,24,20,0,139,858,192,193,9,5124,38765,2083625,2020-09-17
KA,Davanagere,50989,50359,608,17483,1016827,495371,2,1,0,16,33,10,11,1,7079,28149,1946905,2020-06-28
KA,Dharwad,60970,59639,1315,137696,1212295,561504,0,3,1,459,323,4,10,3,24515,35313,1846993,2020-10-13
KA,Gadag,26066,25747,319,8904,691646,328477,0,0,0,1176,167,0,0,0,12373,16257,1065235,2020-06-28
KA,Hassan,111785,110294,1256,10800,1224599,614828,26,28,0,37,123,147,125,5,5434,26697,1776221,2020-06-28
KA,Haveri,21947,21301,644,11714,999178,383705,1,1,0,2,7,1,2,1,8794,36386,1598506,2020-06-28
KA,Kalaburagi,61926,61087,819,409596,1323039,641641,3,0,0,1631,1001,9,5,0,35135,44220,2564892,2021-01-30
KA,Kodagu,37095,36616,329,143982,385482,212033,11,7,0,26,202,112,67,0,1558,12680,554762,2021-01-31
KA,Kolar,46916,46266,638,91924,991957,625918,2,5,0,748,1088,18,31,3,13745,34211,1540231,2020-10-14
KA,Koppal,35198,34660,521,8708,814373,411092,0,0,0,116,321,1,5,0,16045,33794,1391292,2020-06-28
KA,Mandya,73753,73029,650,14874,1189318,659066,8,2,0,8,123,48,36,0,5411,28944,1808680,2020-06-28
KA,Mysuru,179167,176447,2416,107338,2141764,1239770,33,34,2,798,1258,234,247,7,46664,111457,2994744,2020-08-31
KA,Other District,36,33,3,0,0,0,0,0,0,0,0,0,0,0,0,0,0,0
KA,Raichur,39973,39641,331,21011,1021603,448501,0,1,0,151,433,1,4,0,19900,34897,1924773,2020-06-28
KA,Ramanagara,24204,23869,320,103399,754463,469335,0,0,0,11,61,8,10,2,6303,28767,1082739,2020-11-25
KA,Shivamogga,69444,68239,1088,48760,1162073,535447,3,0,0,417,957,30,66,0,23220,47086,1755512,2020-08-21
KA,Tumakuru,120836,119420,1127,106564,1672730,881580,17,12,0,1842,3742,136,112,1,31038,66650,2681449,2020-09-24
KA,Udupi,76718,76181,489,86092,919074,529427,2,6,0,16,137,49,75,0,2422,27889,1177908,2020-09-13
KA,Uttara Kannada,56218,55339,766,13833,980496,505589,6,4,0,11,155,66,48,0,3955,32067,1353299,2020-06-28
KA,Vijayapura,36267,35764,495,25108,1535235,634270,0,0,0,340,583,2,2,0,59571,50033,2175102,2020-06-28
KA,Yadgir,27545,27337,207,221485,708887,348094,0,0,0,108,62,0,2,0,18060,15460,1172985,2021-01-31
KL,Alappuzha,316160,313515,1862,0,1518055,855411,270,455,1,65,502,2035,2526,228,5337,51712,2121943,0
KL,Ernakulam,602800,583842,3555,0,2953482,1759232,1046,918,11,573,1977,7647,8539,742,13018,91762,3279860,0
KL,Idukki,147118,140292,519,237691,859116,481911,550,195,1,26,208,2876,1866,71,2211,27218,1107453,2021-01-01
KL,Kannur,275264,269475,2325,392136,1891004,959656,304,451,0,38,325,2611,3143,301,7636,71089,2525637,2021-01-01
KL,Kasaragod,138815,134824,617,0,910194,521754,137,147,0,389,1861,1054,1082,31,4942,24290,1302600,0
KL,Kollam,390872,383923,2451,0,1951077,1047951,592,848,0,13,215,4753,6283,161,7368,62100,2629703,0
KL,Kottayam,322484,315759,1356,0,1477425,841596,506,155,5,11,125,4187,1611,101,5298,58083,1979384,0
KL,Kozhikode,527346,519030,3374,955060,2341296,1154561,742,760,23,55,449,5386,5059,513,11449,57479,3089543,2021-01-01
KL,Malappuram,567584,562111,2576,469850,2833303,1103557,334,560,48,152,523,2634,2929,108,20840,52896,4110956,2020-12-30
KL,Palakkad,373839,364351,2881,226562,1989222,950909,339,423,16,37,397,2560,2544,175,8712,57261,2810892,2020-10-19
KL,Pathanamthitta,193406,184979,1076,306034,1048352,677224,447,406,2,149,1275,2953,2635,122,2637,29343,1195537,2021-01-01
KL,Thiruvananthapuram,463977,448304,4996,436661,2578575,1562343,878,754,1,418,2986,7056,4851,118,9284,89297,3307284,2020-10-23
KL,Thrissur,523260,515481,3575,639055,2295947,1305873,753,38,59,107,977,5751,3647,388,8853,87643,3110327,2021-01-01
KL,Wayanad,125732,121295,518,211953,659451,436359,269,329,0,12,243,1823,1691,30,2223,32359,816558,2021-01-01
LA,Kargil,3619,3556,58,37471,87221,64300,0,0,0,0,3,4,0,0,205,748,143000,2021-01-14
LA,Leh,17343,17131,150,72597,121577,87980,11,9,0,0,0,54,28,0,320,785,147000,2021-01-14
LD,Lakshadweep,10365,10270,51,263541,55129,45951,0,0,0,0,4,0,0,0,69,796,64473,2021-10-31
MH,Ahmednagar,339457,330122,7043,11077,2468837,881402,138,11,2,535,661,866,728,26,44180,28319,4543083,2020-07-19
MH,Akola,58764,57318,1425,0,760099,357931,0,1,0,576,200,3,7,0,26579,10081,1818617,0
MH,Amravati,96231,94618,1594,0,1241168,548807,1,0,0,112,66,3,0,0,29961,21747,2887826,0
MH,Aurangabad,155331,150615,4251,11800,1772420,723304,27,0,0,759,246,156,157,1,46323,34109,3695928,2020-05-30
MH,Beed,103749,100803,2806,111488,1145382,485615,12,7,0,411,473,69,35,5,34333,24584,2585962,2020-10-11
MH,Bhandara,60080,58945,1123,54195,825867,421585,0,0,0,7,13,0,1,0,5080,16415,1198810,2020-10-11
MH,Buldhana,85520,84710,797,115874,1136679,512944,3,1,0,402,153,16,16,1,34272,24089,2588039,2021-01-30
MH,Chandrapur,88968,87387,1560,199809,1335017,458690,2,0,0,54,24,7,0,0,22248,18994,2194262,2021-01-30
MH,Dhule,46172,45501,654,90092,1007007,476051,0,0,0,121,230,5,4,0,23261,19364,2048781,2020-10-11
MH,Gadchiroli,30440,29735,669,11993,540319,231208,0,0,0,424,255,2,5,0,14790,10994,1071795,2020-07-23
MH,Gondia,40519,39941,569,130146,888961,469980,0,0,0,32,45,2,3,0,8593,23092,1322331,2021-01-29
MH,Hingoli,18475,17949,506,6797,537442,201000,0,0,0,459,166,0,3,0,42054,16145,1178973,2020-08-03
MH,Jalgaon,139934,137178,2714,429198,2085101,699544,0,2,0,6,19,4,11,0,37870,21599,4224442,2021-01-30
MH,Jalna,60615,59382,1209,117047,1081253,413822,0,0,0,121,16,15,47,0,112537,35713,1958483,2021-01-30
MH,Kolhapur,206671,200699,5847,0,2536731,1043329,12,5,0,152,337,55,115,2,19104,23088,3874015,0
MH,Latur,92133,89608,2437,0,1182476,507616,5,0,1,4676,1424,39,0,3,82644,33519,2455543,0
MH,Mumbai,756749,733318,16247,2789713,9115615,5564204,308,429,3,2725,2540,2242,2604,34,98915,219736,12442373,2021-01-29
MH,Nagpur,493607,484334,9128,382083,3006439,1460890,4,5,0,3039,3360,35,43,0,58567,71818,4653171,2020-10-18
MH,Nanded,90409,87721,2658,117319,1560558,560812,2,3,0,8820,2618,28,22,0,144423,41697,3356566,2020-11-03
MH,Nandurbar,40006,39054,948,37740,723850,342054,0,0,0,738,178,2,1,0,19572,12517,1646177,2020-12-12
MH,Nashik,410681,401418,8679,498397,3471046,1299122,60,32,3,2116,473,456,519,12,143768,58112,6109052,2021-01-30
MH,Osmanabad,67828,65577,1963,109450,803192,308210,16,3,0,5549,1039,89,154,1,44954,11658,1660311,2021-01-07
MH,Other District,144,31,111,0,0,0,0,0,0,0,0,0,0,0,0,0,0,0
MH,Palghar,138013,134309,3282,319724,1869199,678741,28,6,0,863,1749,204,326,0,32112,39231,2990116,2021-01-30
MH,Parbhani,52362,51078,1233,110937,905874,378183,0,1,0,4016,1361,13,9,1,44477,20480,1835982,2021-01-30
MH,Pune,1154776,1131401,19594,97127,7843130,4264808,245,300,0,2900,4885,1536,5294,20,85256,136336,9426959,2021-01-12
MH,Raigad,195958,190759,4551,304088,1859507,774913,26,34,0,326,1214,267,359,10,21737,31684,2635394,2021-01-28
MH,Ratnagiri,78950,76292,2478,0,920151,388703,8,14,0,83,224,91,160,4,10880,7924,1612672,0
MH,Sangli,209771,203673,5613,0,1810980,802877,19,0,0,128,120,155,375,4,11974,19041,2820575,0
MH,Satara,250414,243482,6428,312742,1963730,865197,35,4,1,225,298,157,501,17,16690,30950,3003922,2021-01-30
MH,Sindhudurg,52783,50987,1434,0,524896,279051,12,6,0,-1,1,91,259,4,3915,5195,848868,0
MH,Solapur,210466,204364,5551,629266,2242339,690069,51,7,4,5956,1381,253,370,11,77398,34204,4315527,2021-01-30
MH,Thane,610128,597141,11462,1229625,5484839,2751182,153,525,6,3664,5578,1241,3002,44,108643,120708,11060148,2020-11-04
MH,Wardha,57344,55956,1217,52365,755863,314899,2,2,0,18,65,5,4,0,16481,14040,1296157,2020-10-31
MH,Washim,41663,41020,637,0,579042,321710,1,0,0,1016,516,4,5,0,30932,19238,1196714,0
MH,Yavatmal,75967,74159,1798,141551,1211321,496306,2,1,0,2588,697,6,7,0,56233,26091,2775457,2021-01-29
ML,East Garo Hills,1867,1844,13,0,47655,20648,0,1,0,0,0,5,2,0,482,1424,317618,0
ML,East Jaintia Hills,2430,2395,31,0,64432,33259,0,0,0,0,0,2,3,0,483,2964,122436,0
ML,East Khasi Hills,41025,39754,987,0,318381,225526,14,18,1,0,17,171,286,2,1847,10698,824059,0
ML,North Garo Hills,1685,1674,8,0,62675,28288,1,0,0,0,0,3,2,0,596,3614,118325,0
ML,Ribhoi,9697,9584,89,0,92049,48460,1,3,0,15,65,14,23,0,884,3492,258380,0
ML,South Garo Hills,1216,1203,12,0,40103,18937,0,0,0,13,67,0,1,0,329,1346,142574,0
ML,South West Garo Hills,1872,1852,17,0,73397,39210,0,1,0,0,0,3,3,0,924,4509,172495,0
ML,South West Khasi Hills,2548,2525,17,0,33372,17117,0,0,0,0,0,6,1,0,61,552,110152,0
ML,West Garo Hills,9027,8943,72,0,209662,119725,3,1,0,7,32,8,11,0,1409,8093,642923,0
ML,West Jaintia Hills,6803,6642,133,0,84529,47646,1,0,0,0,0,11,31,2,411,3480,270352,0
ML,West Khasi Hills,5457,5330,71,0,77018,43000,2,27,0,1,20,33,97,0,443,1763,385601,0
MN,Bishnupur,0,0,0,0,128902,64791,0,0,0,0,0,0,0,0,685,8679,240363,0
MN,Chandel,0,0,0,0,26634,15197,0,0,0,5,134,0,0,0,98,1337,144028,0
MN,Churachandpur,0,0,0,13542,104247,62208,0,0,0,27,370,0,0,0,345,3560,271274,2020-09-23
MN,Imphal East,0,0,0,0,251626,148953,0,0,0,183,1268,0,0,0,2402,19169,452661,0
MN,Imphal West,0,0,0,0,308782,199404,0,0,0,74,841,0,0,0,1861,17353,514683,0
MN,Jiribam,0,0,0,0,27911,17262,0,0,0,0,0,0,0,0,70,1927,43818,0
MN,Kakching,0,0,0,0,84702,49653,0,0,0,0,0,0,0,0,214,2450,135481,0
MN,Kamjong,0,0,0,0,10502,5370,0,0,0,75,371,0,0,0,129,736,45616,0
MN,Kangpokpi,0,0,0,0,39027,19015,0,0,0,73,26,0,0,0,291,1472,0,0
MN,Noney,0,0,0,0,16798,9819,0,0,0,29,388,0,0,0,98,1211,0,0
MN,Pherzawl,0,0,0,0,12417,9888,0,0,0,0,52,0,0,0,55,711,47250,0
MN,Senapati,0,0,0,0,28247,18288,0,0,0,105,291,0,0,0,425,1940,354772,0
MN,Tamenglong,0,0,0,0,19931,10361,0,0,0,53,76,0,0,0,174,1204,140143,0
MN,Tengnoupal,0,0,0,0,26209,12163,0,0,0,14,183,0,0,0,93,1176,0,0
MN,Thoubal,0,0,0,0,141308,62279,0,0,0,1,22,0,0,0,378,6574,420517,0
MN,Ukhrul,0,0,0,0,22193,14759,0,0,0,66,258,0,0,0,362,1775,183115,0
MP,Agar Malwa,3303,3235,68,0,424846,128822,0,0,0,12,107,0,0,0,965,16911,0,0
MP,Alirajpur,3505,3453,48,0,369571,114601,0,0,0,10,40,0,0,0,921,8076,728677,0
MP,Anuppur,9238,9140,89,3424,481238,164712,0,0,0,73,1328,0,0,0,995,18360,749521,2020-09-19
MP,Ashoknagar,3670,3613,57,55792,550087,186066,0,0,0,10,131,0,0,0,1258,17334,844979,2021-01-31
MP,Balaghat,9100,9017,64,9654,1278183,549643,2,0,0,25,342,2,0,0,15838,71692,1701156,2020-08-19
MP,Barwani,8366,8267,90,41588,788872,225336,0,0,0,76,542,0,0,0,1615,16619,1385659,2020-11-19
MP,Betul,12905,12590,277,68036,1042931,343674,0,0,0,22,547,1,0,0,2361,31953,1575247,2021-01-31
MP,Bhind,2995,2960,32,44395,1034374,351065,0,0,0,29,1176,0,0,0,1525,30042,1703562,2020-11-16
MP,Bhopal,123552,122121,972,245166,2012966,1168682,2,0,0,66,646,38,0,0,4130,38750,2368145,2020-09-19
MP,Burhanpur,2568,2529,39,13040,493618,220909,0,0,0,49,138,0,0,0,762,6561,756993,2020-08-18
MP,Chhatarpur,7609,7506,91,50518,1093616,336309,0,0,0,56,1310,0,0,0,3103,27937,1762857,2020-12-09
MP,Chhindwara,6734,6612,120,79090,1624355,591843,0,0,0,18,261,2,0,0,4654,93453,2090306,2021-01-31
MP,Damoh,8120,7841,186,16564,844557,326505,0,0,0,39,982,0,0,0,4298,52314,1263703,2020-09-19
MP,Datia,6959,6874,78,40322,560238,296233,0,0,0,521,10316,0,0,0,1963,45226,786375,2020-12-04
MP,Dewas,7723,7672,51,96155,1005266,477219,0,0,0,11,386,0,0,0,1804,22992,1563107,2021-01-31
MP,Dhar,12572,12388,130,62597,1371226,536214,1,0,0,39,306,7,0,0,5034,83699,2184672,2020-12-02
MP,Dindori,4623,4588,29,3557,481366,186341,0,0,0,4,96,0,0,0,1342,21481,704218,2020-07-08
MP,Guna,5132,5085,44,40229,821399,284155,0,0,0,630,5023,0,0,0,3347,32837,1240938,2020-12-04
MP,Gwalior,53106,52427,633,206696,1452149,730150,0,0,0,531,1715,2,0,0,8800,41193,2030543,2020-12-04
MP,Harda,5055,4954,96,36708,394641,159293,0,0,0,14,210,0,0,0,1075,24810,570302,2020-12-02
MP,Hoshangabad,10688,10570,99,46294,865566,369945,0,0,0,10,206,0,0,0,1498,39507,1240975,2020-12-04
MP,Indore,153230,151410,1391,780266,2951024,1728945,8,0,0,76,894,39,0,0,4233,45203,3272335,2021-01-31
MP,Jabalpur,50779,49896,670,293923,1957070,1099359,0,0,0,726,19681,3,0,0,5968,156306,2460714,2021-02-01
MP,Jhabua,7691,7619,64,52146,607542,185320,0,0,0,50,222,1,0,0,3578,21040,1024091,2020-12-04
MP,Katni,9366,9242,120,56828,865274,306259,0,0,0,57,879,0,0,0,2926,42360,1291684,2020-12-18
MP,Khandwa,4044,3946,94,17090,862885,310248,0,0,0,0,0,0,0,0,880,13668,1309443,2020-08-24
MP,Khargone,13970,13716,239,38413,1147444,411114,0,0,0,922,5304,0,0,0,3049,32932,1872413,2020-09-19
MP,Mandla,5188,5159,25,0,684882,246724,0,0,0,6,72,0,0,0,2286,53670,1053522,0
MP,Mandsaur,8637,8552,84,52733,948065,330902,0,0,0,4,130,0,0,0,2058,37337,1339832,2020-12-04
MP,Morena,8236,8135,95,90967,1295658,582833,0,0,0,50,1667,0,0,0,2814,112629,1965137,2021-02-01
MP,Narsinghpur,11209,11115,81,90600,803225,318284,0,0,0,10,224,5,0,0,1266,34365,1092141,2021-01-30
MP,Neemuch,7926,7828,84,57292,579489,229183,0,0,0,16,359,0,0,0,970,17955,825958,2020-12-04
MP,Niwari,3715,3654,48,22574,0,0,0,0,0,0,0,0,0,0,0,0,0,2020-11-29
MP,Panna,7331,7250,63,0,600823,168120,0,0,0,144,985,0,0,0,2633,18657,1016028,0
MP,Raigarh,1,0,0,0,0,0,0,0,0,0,0,0,0,0,0,0,0,0
MP,Raisen,9238,9030,194,44343,885585,333022,0,0,0,39,222,0,0,0,1644,22044,1331699,2020-11-29
MP,Rajgarh,8729,8490,172,46604,1025584,450099,1,0,0,10,144,1,0,0,2483,41531,1546541,2020-12-04
MP,Ratlam,17860,17438,385,51736,1026416,457972,0,0,0,14,251,0,0,0,1894,51080,1454483,2020-11-29
MP,Rewa,16433,16270,155,22690,1639826,674779,0,0,0,85,1574,0,0,0,6664,104963,2363744,2020-08-18
MP,Sagar,16622,16154,390,64801,1563245,760746,2,0,0,23,343,2,0,0,6321,60800,2378295,2020-09-19
MP,Satna,11965,11829,133,28159,1532585,481540,0,0,0,37,303,0,0,0,3426,40519,2228619,2020-09-19
MP,Sehore,10136,10057,73,45061,909045,396375,0,0,0,5,256,0,0,0,2325,32101,1311008,2020-11-29
MP,Seoni,6775,6739,28,15024,945564,341871,0,0,0,15,402,0,0,0,2162,38081,1378876,2020-09-19
MP,Shahdol,10085,9958,118,18177,723227,337272,0,0,0,20,426,0,0,0,857,22928,1064989,2020-09-19
MP,Shajapur,6349,6273,74,56805,620316,278912,0,0,0,43,851,0,0,0,1971,51596,1512353,2021-02-01
MP,Sheopur,4000,3919,78,31449,413195,140296,0,0,0,236,1788,0,0,0,1338,16952,687952,2020-11-29
MP,Shivpuri,12398,12261,125,47270,1109976,391707,0,0,0,883,13988,0,0,0,3082,38901,1725818,2020-11-19
MP,Sidhi,9219,9132,87,4660,679862,226632,0,0,0,58,512,0,0,0,1867,19145,1126515,2020-07-26
MP,Singrauli,8801,8706,82,0,740335,224966,0,0,0,43,305,1,0,0,3052,21200,1178132,0
MP,Tikamgarh,6863,6742,114,43011,919592,293885,0,0,0,60,297,0,0,0,3331,24497,1444920,2020-11-29
MP,Ujjain,18903,18720,172,31631,1452247,836514,0,0,0,27,1323,1,0,0,4210,65566,1986864,2020-09-19
MP,Umaria,6294,6224,63,54811,455492,196492,0,0,0,9,93,0,0,0,955,28084,643579,2020-11-19
MP,Vidisha,11922,11677,237,65935,975291,349024,0,0,0,11,253,0,0,0,1222,26130,1458212,2020-12-04
MZ,Aizawl,75111,71337,300,0,315706,239593,361,365,1,0,0,1996,3014,6,443,3740,404054,0
MZ,Champhai,5188,4745,11,0,74122,55251,33,40,0,0,0,299,319,3,344,572,125370,0
MZ,Hnahthial,1020,857,3,0,0,0,1,29,0,0,0,143,185,0,0,0,0,0
MZ,Khawzawl,733,688,0,0,0,0,2,0,0,0,0,42,26,0,0,0,0,0
MZ,Kolasib,7721,7561,30,0,50525,33101,10,2,0,0,0,94,154,0,153,738,83054,0
MZ,Lawngtlai,6740,6553,23,0,55877,25870,14,13,0,129,0,98,245,1,2765,1838,117444,0
MZ,Lunglei,9842,9053,27,0,95129,73298,71,36,0,0,0,662,507,1,263,1493,154094,0
MZ,Mamit,4854,4448,12,0,43678,28873,19,0,0,0,0,241,265,5,228,1322,85757,0
MZ,Saiha,5469,5304,14,0,34626,19984,0,37,1,0,39,107,345,5,68,1116,56366,0
MZ,Saitual,471,420,2,0,0,0,3,21,0,0,0,30,53,0,0,0,0,0
MZ,Serchhip,4210,3646,10,0,41932,36047,65,67,0,0,0,386,572,0,36,431,64875,0
NL,Dimapur,14684,13471,421,47020,268405,175502,3,13,1,-1,2,68,73,2,2827,12731,379769,2020-12-11
NL,Kiphire,258,246,9,1002,13017,8141,0,0,0,61,124,2,1,0,116,357,74033,2020-12-11
NL,Kohima,9461,9095,123,33986,105758,82602,4,0,0,0,0,23,24,0,509,3038,270063,2020-12-11
NL,Longleng,307,286,2,1193,20577,15446,0,0,0,0,0,0,7,0,26,181,50593,2020-12-11
NL,Mokokchung,2333,2186,54,3976,69198,54730,3,2,0,0,0,23,5,2,146,2026,193171,2020-12-11
NL,Mon,1159,1124,14,12278,70054,48331,0,0,0,20,28,1,0,0,243,1864,259604,2020-12-11
NL,Peren,920,897,6,5717,19956,12514,0,0,0,1,29,1,1,0,189,613,163294,2020-12-11
NL,Phek,601,568,18,2779,31241,20746,0,0,0,21,168,4,1,0,99,496,163294,2020-12-11
NL,Tuensang,1094,1077,12,4887,38130,26725,1,6,0,41,122,2,28,1,106,525,414801,2020-12-11
NL,Wokha,402,361,11,1390,35138,23577,0,0,0,11,232,6,4,0,122,1074,166239,2020-12-11
NL,Zunheboto,623,593,15,2131,38077,22337,0,0,0,36,106,0,0,1,331,807,141014,2020-12-11
OR,Angul,43920,43506,393,172873,786278,291800,1,3,0,9,38,16,20,2,21629,23378,1271703,2021-01-27
OR,Balangir,23397,23257,126,87867,960786,299153,0,0,0,0,0,4,15,0,20119,39059,1648574,2020-10-11
OR,Balasore,40787,40389,299,9843,1351099,534318,5,14,0,929,519,67,80,1,78274,35314,2317419,2020-05-17
OR,Bargarh,31126,30762,335,0,829092,283966,0,1,0,169,30,18,16,0,52192,32028,1478833,0
OR,Bhadrak,26480,26260,150,258173,1026493,367945,3,7,0,0,17,44,39,1,14511,38206,1506522,2021-01-31
OR,Boudh,12634,12488,112,496,259325,92297,0,0,0,496,1585,0,4,0,7009,16754,439917,2020-05-17
OR,Cuttack,94631,93404,857,5720,1434524,702278,54,29,0,2729,1129,277,304,1,75381,45717,2618708,2020-05-17
OR,Deogarh,6553,6460,50,682,223405,63727,2,3,0,1,136,41,10,0,1126,4779,312164,2020-05-17
OR,Dhenkanal,19871,19598,243,179477,738406,282859,5,0,0,92,104,25,16,0,18302,23327,1192948,2021-01-31
OR,Gajapati,9657,9555,84,715,288963,115535,5,0,0,296,1193,15,11,0,4770,10942,575880,2020-05-17
OR,Ganjam,33849,33342,485,750442,2214981,1698328,8,2,0,438,1848,22,18,0,27002,112716,3520151,2021-01-31
OR,Jagatsinghpur,27920,27510,316,46648,677675,272499,9,12,0,-2,2,76,78,1,28276,25051,1136604,2020-09-15
OR,Jajpur,43735,43461,172,53956,1087735,383313,9,8,0,2,9,75,73,0,30726,37471,1826275,2020-08-23
OR,Jharsuguda,23863,23673,176,1663,399523,189682,3,0,0,0,0,13,10,0,7187,14725,579499,2020-05-17
OR,Kalahandi,24314,24082,210,1458,921185,304778,2,0,0,1476,537,15,1,0,38214,26926,1573054,2020-05-17
OR,Kandhamal,11537,11453,83,1516,384009,150737,0,0,0,847,529,0,5,0,12881,12319,731952,2020-05-17
OR,Kendrapara,24860,24545,252,382732,916169,347854,8,8,0,1452,1179,62,52,1,28635,34297,1439891,2020-10-19
OR,Kendujhar,20980,20798,175,474504,1087285,376311,1,2,0,483,613,4,3,2,25529,46488,1802777,2021-02-01
OR,Khordha,175335,171938,1552,0,2063646,1502538,250,243,2,568,1482,1492,1654,8,34733,49859,2246341,0
OR,Koraput,19137,19044,78,1401,860773,399063,1,2,0,935,2024,11,20,0,13011,35701,1376934,2020-05-17
OR,Malkangiri,11667,11613,49,1841,391790,137925,0,3,0,2497,2000,2,4,0,13449,16141,612727,2020-05-17
OR,Mayurbhanj,40844,40416,286,3307,1222153,413698,19,8,1,2985,654,126,93,5,86170,36315,2513895,2020-05-17
OR,Nabarangapur,23549,23461,86,162154,675601,188457,0,0,0,0,0,1,2,0,13213,18025,1218762,2021-01-25
OR,Nayagarh,23505,23261,212,1104,593612,222606,2,3,0,29,117,28,24,1,7145,22575,962215,2020-05-17
OR,Nuapada,22924,22803,84,310,402248,129685,1,3,0,6,58,36,5,0,3391,14721,606490,2020-05-17
OR,Puri,45431,44903,459,173340,1078666,523160,15,7,1,2991,6548,68,69,1,25187,40854,1697983,2020-12-01
OR,Rayagada,20224,19981,167,578,549767,184420,6,3,0,537,2019,18,16,0,5781,16558,961959,2020-05-17
OR,Sambalpur,31651,31315,240,2007,768989,418110,13,24,0,574,1479,88,113,0,8960,31518,1044410,2020-05-17
OR,Subarnapur,13187,13115,61,0,418336,192102,0,0,0,0,0,5,3,0,8102,31803,652107,0
OR,Sundargarh,61841,61167,594,0,1122762,490428,13,8,0,824,340,59,71,0,19935,22587,2080664,0
PB,Amritsar,47379,45757,1598,89227,1263073,446487,4,1,0,232,251,23,9,2,23376,18084,2490891,2020-09-02
PB,Barnala,5950,5696,244,63447,328464,104197,0,0,0,629,291,2,0,0,9552,5253,596294,2020-12-20
PB,Bathinda,41728,40668,1042,118489,623604,202311,1,0,0,110,182,15,8,0,8246,6940,1388859,2020-12-20
PB,Faridkot,13927,13602,315,23635,330654,128653,1,1,0,154,241,7,7,0,3048,4201,618008,2020-09-02
PB,Fatehgarh Sahib,8876,8538,335,68436,354921,135247,0,0,0,9,17,2,1,1,2513,4804,599814,2020-12-20
PB,Fazilka,20271,19729,528,63589,490080,131519,1,1,0,249,177,8,4,0,8408,5707,1180483,2020-12-10
PB,Ferozepur,14347,13832,504,74880,476343,128043,4,3,0,130,73,13,9,0,4483,4723,2026831,2020-12-20
PB,Gurdaspur,22381,21576,801,249039,862133,415351,0,0,0,459,351,3,3,1,18212,26825,2299026,2020-12-20
PB,Hoshiarpur,30822,29828,986,221261,1000636,574716,2,2,1,87,211,10,12,2,6567,17487,1582793,2020-12-20
PB,Jalandhar,63396,61864,1496,443735,1433553,681370,1,1,0,167,507,20,12,1,13877,22309,2181753,2020-12-20
PB,Kapurthala,17852,17294,556,38658,465285,187476,0,0,0,93,174,2,7,0,5387,6146,817668,2020-09-02
PB,Ludhiana,87608,85484,2106,514691,2473646,943401,0,4,0,327,276,16,24,1,41184,30055,3487882,2020-12-20
PB,Mansa,15606,15226,380,26878,372366,89830,0,0,0,128,166,0,1,0,5340,4111,768808,2020-09-02
PB,Moga,8675,8440,233,77307,541556,178908,0,0,0,9,7,1,8,0,5076,6757,992289,2020-12-20
PB,Pathankot,18814,18373,419,29112,424889,196822,6,1,0,52,278,20,7,0,1762,6090,626154,2020-09-02
PB,Patiala,48927,47561,1358,273344,1051467,396473,0,2,0,239,526,6,15,0,7659,10721,2892282,2020-12-20
PB,Rupnagar,12963,12517,423,97745,384637,182919,2,3,0,88,202,20,7,0,1965,5708,683349,2020-12-20
PB,S.A.S. Nagar,68821,67726,1068,41532,872096,402212,3,5,0,95,425,18,21,0,4914,9234,986147,2020-09-02
PB,Sangrur,15762,14884,875,166332,730511,218820,1,1,0,219,157,3,3,0,13224,9058,1654408,2020-12-19
PB,Shahid Bhagat Singh Nagar,11469,11080,388,77715,392113,172294,0,0,0,54,78,1,1,0,2473,4917,614362,2020-12-20
PB,Sri Muktsar Sahib,18784,18257,524,67979,473193,142901,0,0,0,91,149,2,0,0,3942,5830,902702,2020-12-12
PB,Tarn Taran,8043,7659,380,111446,597303,178839,0,0,0,251,127,0,3,0,8846,8145,1120070,2020-12-18
PY,Karaikal,16488,16150,250,73142,111152,57491,6,9,0,2,22,53,63,0,763,2980,200222,2021-01-27
PY,Mahe,5867,5744,47,42415,34018,25943,10,10,0,0,0,58,46,0,109,1003,41816,2021-01-27
PY,Puducherry,98885,97171,1453,425639,558708,305464,22,25,0,159,477,163,202,0,7191,15005,950289,2021-01-27
PY,Yanam,6773,6661,107,26727,30079,15489,0,1,0,8,31,4,4,0,259,1082,55626,2021-01-27
RJ,Ajmer,37769,37352,410,261215,1752308,1042482,0,0,0,110,1101,6,8,0,9133,56199,2584913,2021-02-01
RJ,Alwar,59694,59387,307,291879,2237787,1029095,0,0,0,376,1002,0,0,0,21681,29417,3671999,2021-02-01
RJ,Banswara,10005,9901,104,48781,1024293,525793,0,0,0,986,1105,0,0,0,10612,22206,1798194,2021-02-01
RJ,Baran,11996,11934,61,46168,763006,297741,0,0,0,44,212,1,0,0,6599,15157,1223921,2021-02-01
RJ,Barmer,15563,15377,185,113868,1455732,621465,0,0,0,64,247,1,0,0,5670,16673,2604453,2021-02-01
RJ,Bharatpur,19601,19341,260,201441,1351114,590401,0,0,0,59,176,0,0,0,10069,22595,2549121,2021-02-01
RJ,Bhilwara,29781,29625,156,148764,1525323,723691,0,0,0,161,1752,0,0,0,5405,26146,2410459,2021-02-01
RJ,Bikaner,40339,39792,545,278302,1461174,714590,0,1,0,76,275,2,1,0,6565,17712,2367745,2021-02-01
RJ,Bundi,7967,7919,48,58167,709316,362835,0,0,0,424,1216,0,0,0,12488,24243,1113725,2021-02-01
RJ,Chittorgarh,19809,19670,139,116002,978713,482350,0,0,0,21,43,0,0,0,6118,29167,1544392,2021-02-01
RJ,Churu,16720,16613,107,131700,1301558,582443,0,0,0,5,32,0,0,0,5483,26038,2041172,2021-02-01
RJ,Dausa,13351,13289,62,61680,941513,395584,0,0,0,182,1072,0,0,0,5627,29672,1637226,2021-02-01
RJ,Dholpur,11010,10962,48,121308,660103,279501,0,1,0,45,83,0,2,0,4270,11868,1207293,2021-02-01
RJ,Dungarpur,18407,18276,131,121917,737200,349762,0,0,0,90,246,0,0,0,6673,19241,1388906,2021-02-01
RJ,Ganganagar,19354,19203,150,80706,1278952,525137,0,0,0,749,1957,1,0,0,11153,29478,1969520,2021-02-01
RJ,Hanumangarh,16053,15942,111,82542,1230511,588688,0,0,0,72,478,0,0,0,5057,30733,1779650,2021-02-01
RJ,Jaipur,187804,185816,1970,968783,4582410,2189042,2,0,0,570,1871,16,9,0,24518,63582,6663971,2021-02-01
RJ,Jaisalmer,13639,13573,66,80082,416014,194163,0,0,0,199,474,0,0,0,2951,9700,672008,2021-02-01
RJ,Jalore,10067,9995,72,184172,987519,393953,0,0,0,309,738,0,0,0,9304,26896,1830151,2021-02-01
RJ,Jhalawar,13612,13425,187,97163,922646,363082,0,0,0,359,2133,0,0,0,2527,16443,1411327,2021-02-01
RJ,Jhunjhunu,14811,14653,158,123433,1449967,787196,0,0,0,267,1682,0,0,0,7946,42099,2139658,2021-02-01
RJ,Jodhpur,112412,111308,1103,600959,2263325,1036743,0,0,0,26,93,0,3,0,7707,22507,3685681,2021-02-01
RJ,Karauli,7156,7086,70,64481,813922,395700,0,0,0,1578,993,0,0,0,19063,20813,1458459,2021-02-01
RJ,Kota,57053,56603,449,355509,1269245,655588,0,0,0,170,2306,0,0,0,2612,26626,1950491,2021-02-01
RJ,Nagaur,17737,17560,177,229822,2077555,1016874,0,0,0,636,3335,0,0,0,6806,36157,3309234,2021-02-01
RJ,Other District,189,150,39,0,0,0,0,0,0,0,0,0,0,0,0,0,0,0
RJ,Pali,27324,27037,287,179463,1200554,513058,0,0,0,704,3089,0,1,0,7082,26853,2038533,2021-02-01
RJ,Pratapgarh,7143,7080,63,52208,655140,345189,0,0,0,39,298,0,0,0,1130,25717,868231,2021-02-01
RJ,Rajsamand,17044,16875,169,91975,691497,299553,0,0,0,345,988,0,0,0,4092,14945,1158283,2021-02-01
RJ,Sawai Madhopur,10618,10557,61,84683,756544,347992,0,0,0,268,844,0,2,0,8475,18843,1338114,2021-02-01
RJ,Sikar,30618,30283,335,165042,1838263,821713,0,0,0,39,130,0,0,0,4520,20308,2677737,2021-02-01
RJ,Sirohi,13732,13653,79,84616,610090,348789,0,0,0,480,589,0,0,0,9007,15482,1037185,2021-02-01
RJ,Tonk,9498,9406,92,74225,884688,419023,0,0,0,48,268,0,0,0,2623,16223,1421711,2021-02-01
RJ,Udaipur,56405,55652,753,251522,1715072,854773,0,0,0,1169,2727,0,0,0,16803,51655,3067549,2021-02-01
SK,East Sikkim,0,0,0,0,263526,229361,0,0,0,0,0,0,0,0,528,10519,281293,0
SK,North Sikkim,0,0,0,0,33137,27820,0,0,0,0,0,0,0,0,23,447,43354,0
SK,South Sikkim,0,0,0,0,121481,105432,0,0,0,0,0,0,0,0,164,2223,146742,0
SK,West Sikkim,0,0,0,0,103619,88896,0,0,0,0,0,0,0,0,67,855,136299,0
TG,Adilabad,0,0,0,0,376263,89337,0,0,0,165,138,0,0,0,11894,12694,708952,0
TG,Bhadradri Kothagudem,0,0,0,0,599183,204318,0,0,0,1570,1314,0,0,0,30988,31905,1304811,0
TG,Hyderabad,0,0,0,0,3150245,1893217,0,0,0,3334,5427,0,0,0,48855,123025,3441992,0
TG,Jagtial,0,0,0,0,580926,190526,0,0,0,0,0,0,0,0,50253,17153,983414,0
TG,Jangaon,0,0,0,0,327527,128207,0,0,0,2637,363,0,0,0,20821,11508,582457,0
TG,Jayashankar Bhupalapally,0,0,0,0,262313,127108,0,0,0,125,262,0,0,0,4191,23712,712257,0
TG,Jogulamba Gadwal,0,0,0,0,306919,59886,0,0,0,496,253,0,0,0,23908,6281,664971,0
TG,Kamareddy,0,0,0,0,557684,183176,0,0,0,320,78,0,0,0,14692,16918,972625,0
TG,Karimnagar,0,0,0,0,657167,384862,0,0,0,65,486,0,0,0,12731,45384,1016063,0
TG,Khammam,0,0,0,0,856707,333812,0,0,0,789,1134,0,0,0,41893,68994,1401639,0
TG,Komaram Bheem,0,0,0,0,275644,51593,0,0,0,569,136,0,0,0,17465,4048,515835,0
TG,Mahabubabad,0,0,0,0,468199,172007,0,0,0,3715,1107,0,0,0,36700,27419,1318110,0
TG,Mahabubnagar,0,0,0,0,482547,150640,0,0,0,609,184,0,0,0,32811,19635,0,0
TG,Mancherial,0,0,0,0,480069,170258,0,0,0,65,27,0,0,0,22489,15600,807037,0
TG,Medak,0,0,0,0,458648,140778,0,0,0,704,589,0,0,0,34422,25162,767428,0
TG,Medchal Malkajgiri,0,0,0,0,2149958,1317832,0,0,0,5804,8370,0,0,0,54568,93893,2542203,0
TG,Mulugu,0,0,0,0,186104,76648,0,0,0,71,85,0,0,0,4190,10660,294671,0
TG,Nagarkurnool,0,0,0,0,464888,106589,0,0,0,730,18,0,0,0,30265,5469,893308,0
TG,Nalgonda,0,0,0,0,891308,254218,0,0,0,859,448,0,0,0,105864,33747,1631399,0
TG,Narayanpet,0,0,0,0,288388,50219,0,0,0,585,48,0,0,0,14266,3428,566874,0
TG,Nirmal,0,0,0,0,378315,130107,0,0,0,744,255,0,0,0,16044,8396,709415,0
TG,Nizamabad,0,0,0,0,858574,250862,0,0,0,276,42,0,0,0,67852,21328,1534428,0
TG,Peddapalli,0,0,0,0,463510,201940,0,0,0,79,40,0,0,0,18954,19908,795332,0
TG,Rajanna Sircilla,0,0,0,0,372065,144680,0,0,0,10,100,0,0,0,7398,17056,546121,0
TG,Ranga Reddy,0,0,0,0,2348542,1291404,0,0,0,217,1168,0,0,0,76853,93482,2551731,0
TG,Sangareddy,0,0,0,0,851395,299316,0,0,0,7628,3083,0,0,0,77693,32539,1527628,0
TG,Siddipet,0,0,0,0,582450,242462,0,0,0,197,187,0,0,0,35164,25015,993376,0
TG,Suryapet,0,0,0,0,610724,208278,0,0,0,20,1,0,0,0,38975,24793,1099560,0
TG,Vikarabad,0,0,0,0,427669,87989,0,0,0,111,12,0,0,0,20014,5848,881250,0
TG,Wanaparthy,0,0,0,0,289412,81870,0,0,0,243,119,0,0,0,13905,10313,751553,0
TG,Warangal Rural,0,0,0,0,342881,105289,0,0,0,2416,1350,0,0,0,25045,13208,716457,0
TG,Warangal Urban,0,0,0,0,687410,418947,0,0,0,42,101,0,0,0,21854,63907,1135707,0
TG,Yadadri Bhuvanagiri,0,0,0,0,463854,223506,0,0,0,4429,739,0,0,0,38752,28567,726465,0
TN,Ariyalur,16854,16548,261,18285,475390,157166,5,3,0,1127,3941,35,44,1,19203,29689,752481,2020-07-23
TN,Chengalpattu,171777,168327,2506,51771,1337641,604784,83,93,2,3145,3415,627,706,5,26704,39438,2556244,2020-07-23
TN,Chennai,554672,544701,8546,2667777,4532809,2671294,118,143,4,4126,8535,880,1093,12,52515,124932,7100000,2021-02-01
TN,Coimbatore,246780,243070,2416,102107,2717202,1205484,120,126,1,770,2853,869,988,15,20971,79387,3472578,2020-07-23
TN,Cuddalore,64085,62997,867,36434,1529591,646400,16,18,0,9299,22186,129,132,0,51773,101735,2600880,2020-07-23
TN,Dharmapuri,28425,27957,274,163803,770955,279901,16,21,0,811,1674,110,161,1,13388,27153,1502900,2020-12-22
TN,Dindigul,33099,32348,645,27800,1236504,493453,9,7,0,321,1040,58,51,1,19630,57260,2161367,2020-07-23
TN,Erode,104303,102836,686,66240,1370925,552624,68,94,2,244,899,477,573,4,16741,46724,2259608,2020-07-23
TN,Kallakurichi,31364,31056,210,28314,696213,299822,14,23,0,4089,7322,66,118,0,22603,52087,1370281,2020-07-23
TN,Kancheepuram,74970,73386,1258,37505,663206,250181,30,37,0,679,1040,225,259,2,13961,24360,1166401,2020-07-23
TN,Kanyakumari,62362,61112,1048,79600,1100888,450620,17,12,0,431,1276,120,102,0,17732,51185,1863178,2020-07-23
TN,Karur,24091,23523,356,17190,626136,289120,20,16,0,74,834,136,90,1,5882,32339,1076588,2020-07-23
TN,Krishnagiri,43570,43036,348,14284,1040491,407695,16,19,0,404,1731,134,160,1,15883,37027,1883731,2020-07-23
TN,Madurai,75215,73853,1172,97279,1500331,583138,13,17,0,1060,2012,99,122,3,26340,42498,3991038,2020-07-23
TN,Mayiladuthurai,23280,22878,316,0,0,0,3,10,0,0,0,41,80,0,0,0,901000,0
TN,Nagapattinam,21074,20561,346,20984,813495,289588,16,20,1,273,953,97,121,10,8662,23176,1614069,2020-07-23
TN,Namakkal,52245,51253,498,24758,987830,397079,43,51,0,168,442,315,397,2,12694,28265,1721179,2020-07-23
TN,Nilgiris,33566,33164,212,45839,501986,343811,20,25,2,71,1092,124,220,3,1613,31952,735071,2020-07-23
TN,Perambalur,12067,11790,243,7981,326872,136491,2,5,0,383,2161,26,27,0,4307,17440,564511,2020-07-23
TN,Pudukkottai,30183,29627,416,20835,827320,314780,12,8,0,554,2862,75,68,2,10691,34202,1918725,2020-07-23
TN,Ramanathapuram,20564,20158,357,23389,660673,280037,3,6,0,852,2329,25,55,0,9961,32447,1337560,2020-07-23
TN,Ranipet,43436,42557,775,20118,557267,174051,14,14,0,506,485,69,73,2,10793,13744,1210277,2020-07-23
TN,Salem,99893,97619,1685,79660,1925084,791376,62,67,1,396,2125,427,442,3,25814,66134,3480008,2020-07-23
TN,Sivaganga,20195,19854,206,25824,726010,287468,13,9,0,195,564,82,78,0,10170,31816,1341250,2020-07-23
TN,Tenkasi,27357,26834,484,26338,736882,233177,4,4,0,291,446,25,14,0,16935,21454,1407627,2020-07-23
TN,Thanjavur,75352,73874,972,67445,1224986,486660,37,59,0,12155,2378,310,428,6,49025,31228,2402781,2020-07-23
TN,Theni,43571,43018,521,45839,660187,304832,1,5,1,379,1536,15,23,1,11199,33309,1243684,2020-07-23
TN,Thiruvallur,119370,117138,1842,67948,1425728,563426,28,55,0,2328,4382,252,396,3,25332,47695,3725697,2020-07-23
TN,Thiruvarur,41461,40760,442,67445,630274,246969,23,22,2,291,624,170,253,5,13453,29614,1268094,2020-07-23
TN,Thoothukkudi,56304,55757,409,49288,984706,328797,11,9,1,11497,1612,85,90,1,46323,22453,1738376,2020-07-23
TN,Tiruchirappalli,77534,76038,1059,92586,1468456,636356,37,49,0,2445,892,302,334,5,32150,48874,2713858,2020-08-07
TN,Tirunelveli,49374,48812,432,54208,815687,275985,11,13,1,940,627,93,125,1,22582,19904,1665253,2020-07-23
TN,Tirupathur,29301,28600,625,23998,541496,205219,10,8,0,311,525,50,66,0,11111,24743,1111812,2020-07-23
TN,Tiruppur,95405,93683,979,36301,1671392,611015,69,53,1,133,443,504,537,5,20414,50762,2471222,2020-07-23
TN,Tiruvannamalai,54968,54122,667,76170,1270049,533376,18,28,0,4455,10228,120,158,0,31415,73235,2468965,2020-07-23
TN,Vellore,49864,48564,1131,47936,763735,336366,12,15,0,953,1825,117,139,1,18978,31716,1614242,2020-07-23
TN,Viluppuram,45857,45382,356,52064,1085842,444502,10,11,0,12953,11812,79,83,1,53748,67153,2093003,2020-07-23
TN,Virudhunagar,46294,45687,548,28620,1072788,505098,5,8,0,1007,3437,38,45,0,16628,50467,1943309,2020-07-23
TR,Dhalai,7037,7000,35,61582,258334,164654,0,0,0,5,531,1,2,0,264,11234,377988,2021-02-02
TR,Gomati,8134,8043,74,47437,279099,161408,0,0,0,0,1,8,3,0,319,9611,436868,2021-02-02
TR,Khowai,4559,4500,54,24046,202148,111955,2,0,0,0,0,3,0,0,373,5866,327391,2021-02-02
TR,North Tripura,7250,7199,34,100931,283802,190594,2,0,0,0,0,4,8,0,352,4099,415946,2021-02-02
TR,Sipahijala,6360,6273,75,53067,330932,211903,0,0,0,0,9,8,4,0,451,10397,484233,2021-02-02
TR,South Tripura,10168,10104,53,83030,303987,209259,1,0,0,0,1,4,1,0,267,5639,433737,2021-02-02
TR,Unokoti,8609,8530,68,34930,173390,101178,1,0,0,0,5,4,3,0,762,10307,277335,2021-02-02
TR,West Tripura,32351,31817,420,202939,676784,470030,6,2,0,5,13,55,41,0,1366,17141,917534,2021-02-02
UP,Agra,25765,25308,457,491361,2172907,746386,0,0,0,178,265,0,2,0,23657,42953,4380793,2021-01-31
UP,Aligarh,21280,21172,108,482825,1589498,498586,0,0,0,9,25,0,0,0,34650,57576,3673849,2021-01-31
UP,Ambedkar Nagar,5040,4885,152,123151,1135268,349925,0,0,0,138,145,1,0,0,21528,32042,2398709,2021-01-31
UP,Amethi,9972,9828,143,267014,1015454,375261,0,0,0,165,11,0,2,0,19777,37617,2549935,2021-01-31
UP,Amroha,16616,16412,203,254038,871164,265607,0,0,0,6,8,0,0,0,16080,23048,1838771,2021-01-13
UP,Auraiya,10090,9887,203,107079,614711,180775,0,0,0,0,0,0,0,0,6878,16443,1372287,2021-01-10
UP,Ayodhya,16919,16629,290,376735,1270889,418182,0,0,0,217,452,0,1,0,26036,37279,2468371,2021-01-31
UP,Azamgarh,17906,17675,228,12474,2165409,643824,0,0,0,1764,3111,2,0,0,41754,63205,4616509,2020-12-27
UP,Baghpat,9132,8991,141,327192,692255,337171,0,0,0,10,52,0,0,0,7829,24151,1302156,2021-01-31
UP,Bahraich,11549,11371,178,308225,1752196,642554,0,0,0,648,1565,0,0,0,54069,106010,2384239,2021-01-31
UP,Ballia,21610,21376,234,267420,1433455,388341,0,0,0,86,170,0,0,0,29248,48334,3223642,2021-01-31
UP,Balrampur,7494,7354,138,276237,995084,438892,1,0,0,747,630,2,0,0,21033,56322,2149066,2021-01-31
UP,Banda,10992,10832,158,303185,795903,236840,0,0,0,486,432,1,0,0,38560,36938,1799541,2021-01-10
UP,Barabanki,19850,19624,225,147422,1589704,448292,0,0,0,11,44,1,0,0,51121,59870,3257983,2021-01-30
UP,Bareilly,44028,43650,377,465209,2221830,749751,0,0,0,6458,255,1,1,0,68245,64148,4465344,2021-01-13
UP,Basti,11717,11385,330,296570,1189235,399451,1,0,0,3555,4769,2,0,0,24797,39395,2461056,2021-01-31
UP,Bhadohi,7720,7557,163,119023,793094,244431,0,0,0,6,7,0,1,0,15479,20211,1554203,2021-01-31
UP,Bijnor,14794,14668,126,312985,1756682,600482,0,0,0,-1,1,0,0,0,27491,53680,3683896,2021-01-30
UP,Budaun,14941,14843,98,224207,1408673,364360,0,0,0,581,417,0,0,0,53729,43678,3712738,2021-01-23
UP,Bulandshahr,20215,19972,243,269090,1647985,646236,0,0,0,2,46,0,0,1,18195,42644,3498507,2020-12-07
UP,Chandauli,16208,15852,356,211249,939599,238646,0,0,0,192,395,0,1,0,19998,31247,1952713,2021-01-31
UP,Chitrakoot,7110,7031,79,234060,447303,129157,0,0,0,329,536,0,0,0,13007,16383,990626,2021-01-10
UP,Deoria,20223,20003,220,304520,1597034,537293,0,0,0,81,167,0,0,0,29495,67895,3098637,2021-01-31
UP,Etah,9968,9868,99,263295,788675,213371,0,0,0,475,170,0,0,0,16622,25756,1761152,2021-01-31
UP,Etawah,13933,13640,293,297761,708258,253661,0,0,0,873,984,0,0,0,52312,35349,1579160,2021-01-10
UP,Farrukhabad,10348,10153,194,231856,833824,229745,0,0,0,81,439,1,0,0,15703,28433,1887577,2021-01-10
UP,Fatehpur,6814,6674,139,82928,1246314,410120,0,0,0,53,168,1,0,0,13675,42615,2632684,2021-01-10
UP,Firozabad,8720,8585,135,322656,1005224,328351,0,0,0,5881,3105,0,0,0,66838,47728,2496761,2021-01-31
UP,Gautam Buddha Nagar,63353,62876,467,675396,1799728,974353,1,2,0,100,816,6,13,0,22023,43162,1674714,2021-01-24
UP,Ghaziabad,55673,55207,461,712611,2247039,1071908,1,0,0,3698,4330,3,2,0,47837,71692,4661452,2021-01-24
UP,Ghazipur,21641,21359,282,265737,1690195,509886,0,0,0,241,524,0,2,0,22615,43797,3622727,2021-01-31
UP,Gonda,12282,12016,266,241234,1604382,555773,0,0,0,40,1698,0,0,0,22042,51150,3431386,2021-01-31
UP,Gorakhpur,59439,58588,848,480536,2347051,889085,0,1,0,96,377,1,4,0,33169,69539,4436275,2021-01-31
UP,Hamirpur,5232,5130,102,240382,561456,185949,0,0,0,3,0,0,0,0,11985,14350,1104021,2021-01-10
UP,Hapur,12638,12421,217,299725,658863,254519,0,0,0,127,307,0,2,0,15823,21964,1338211,2021-01-03
UP,Hardoi,13755,13406,349,224784,1852490,537647,0,0,0,221,594,0,0,0,29546,66612,4091380,2021-01-30
UP,Hathras,2920,2877,43,260525,701190,234481,0,0,0,0,1,0,0,0,16507,25542,1565678,2021-01-31
UP,Jalaun,11687,11482,202,221719,819651,251406,0,0,0,18,30,3,0,0,14119,21614,1670718,2021-01-10
UP,Jaunpur,22584,22349,235,322824,2189622,667013,0,0,0,209,3689,0,2,0,41689,67101,4476072,2021-01-20
UP,Jhansi,36556,35892,663,312540,1132511,379818,1,0,0,14,14,1,0,0,10719,25914,2000755,2020-11-26
UP,Kannauj,9231,9115,114,124019,755119,257048,0,0,0,82,431,0,0,0,24440,44639,1658005,2021-01-10
UP,Kanpur Dehat,6197,6087,110,344697,923661,290898,0,0,0,47,85,0,0,0,27985,38783,1795092,2021-01-10
UP,Kanpur Nagar,82933,81024,1905,685820,2251558,859280,0,0,0,38,96,3,1,0,64788,66517,4572951,2021-01-10
UP,Kasganj,4250,4197,53,271969,608818,147948,0,0,0,51,29,0,0,0,8148,13675,1438156,2021-01-31
UP,Kaushambi,4424,4353,70,207064,760960,218775,0,0,0,94,35,1,0,0,38263,28403,1596909,2021-01-14
UP,Kushinagar,15617,15389,228,314772,1632782,458054,0,0,0,211,585,0,0,0,16785,46465,3560830,2021-01-30
UP,Lakhimpur Kheri,24410,24117,292,368533,1829019,382178,0,0,0,1183,1370,1,0,0,46453,51586,4013634,2021-01-30
UP,Lalitpur,12742,12613,128,21781,627553,143519,0,0,0,4,8,1,0,0,8010,13539,1218002,2020-08-07
UP,Lucknow,238839,236165,2651,1237583,3106658,1488333,0,0,0,10826,11083,10,10,0,69404,107763,4588455,2020-12-13
UP,Maharajganj,12440,12300,140,334716,1283534,372559,0,0,0,53,316,0,0,0,20643,36312,2665292,2021-01-31
UP,Mahoba,4268,4182,86,142992,444352,148388,0,0,0,10,9,0,0,0,4765,8960,876055,2021-01-10
UP,Mainpuri,10028,9846,182,228496,860461,219990,0,0,0,647,1354,0,0,0,31507,37443,1847194,2021-01-31
UP,Mathura,20297,19893,402,198379,1207578,418117,0,0,0,63,164,1,1,0,10807,23027,2541894,2021-01-29
UP,Mau,8333,8252,80,281445,1017497,307052,0,0,0,787,453,1,1,0,25202,32390,2205170,2021-01-31
UP,Meerut,69480,68567,898,798404,1764744,842448,1,0,0,25,79,13,3,0,25100,57600,3447405,2021-01-31
UP,Mirzapur,11088,10972,116,312764,1335308,462157,0,1,0,787,419,0,1,0,24968,41785,2494533,2021-01-31
UP,Moradabad,39102,38752,349,400459,1390249,443211,0,1,0,3951,2357,0,1,0,52013,39070,4773138,2021-01-13
UP,Muzaffarnagar,31009,30737,269,161704,1264005,467387,0,0,0,979,707,1,0,0,15476,38924,4138605,2021-01-25
UP,Pilibhit,11032,10838,193,291538,978332,256931,0,0,0,2,1,0,0,0,9611,17989,2037225,2021-01-13
UP,Pratapgarh,16038,15875,163,100500,1480021,456869,0,0,0,1796,1482,0,0,0,40603,47832,3173752,2021-01-14
UP,Prayagraj,78699,77609,1088,729300,2731341,862244,0,1,0,17,48,1,6,0,75719,79660,5959798,2021-01-14
UP,Rae Bareli,17104,16761,343,387408,1436175,344694,0,0,0,576,429,0,0,0,33906,46996,3404004,2021-01-30
UP,Rampur,11826,11676,148,274288,989666,250420,0,0,0,3,1,2,0,0,23526,28753,2335398,2021-01-16
UP,Saharanpur,32730,32309,420,266387,1638111,576986,0,0,0,6,17,0,0,0,19216,33326,3464228,2021-01-30
UP,Sambhal,9438,9331,106,309333,893786,204352,0,0,0,1708,411,0,0,0,27630,23914,2217020,2021-01-13
UP,Sant Kabir Nagar,8159,8061,98,292606,799506,195105,0,0,0,82,202,0,0,0,44511,26920,1714300,2021-01-31
UP,Shahjahanpur,20361,19916,444,437195,1743273,538827,0,0,0,3563,969,0,0,0,185421,79519,3002376,2021-01-13
UP,Shamli,12976,12931,45,246597,604968,206438,0,0,0,24,14,0,0,0,12602,16389,1274815,2021-01-31
UP,Shrawasti,4388,4353,35,221566,515155,181654,0,0,0,37,120,0,0,0,7342,17808,1114615,2021-01-31
UP,Siddharthnagar,9373,9273,100,295047,1225133,479630,0,0,0,250,2209,0,0,0,18746,53973,2553526,2021-01-31
UP,Sitapur,12398,12211,185,289473,2139996,497241,0,0,0,81,197,0,0,0,33825,52112,4474446,2021-01-28
UP,Sonbhadra,16807,16556,251,306175,812891,236871,0,0,0,200,157,0,0,0,21438,24430,1862612,2021-01-31
UP,Sultanpur,14915,14777,138,309395,1178195,370998,0,0,0,2,18,0,0,0,14962,31247,3790922,2021-01-31
UP,Unnao,15011,14757,254,298886,1554190,420513,0,0,0,201,948,0,0,0,26506,41790,3110595,2021-01-10
UP,Varanasi,85501,84528,971,595510,2109381,843905,0,0,0,159,441,2,1,0,38187,55104,3682194,2021-01-31
UT,Almora,12190,11378,196,84443,378242,215715,0,0,0,37,416,7,7,0,729,10440,621927,2021-01-30
UT,Bageshwar,5764,5678,60,55626,183447,131244,0,0,0,75,1286,1,0,0,371,6323,259840,2021-01-30
UT,Chamoli,12242,11972,62,90390,273850,191420,0,0,0,13,268,4,4,0,822,11652,391114,2021-01-30
UT,Champawat,7603,7358,53,95068,183354,119870,1,0,0,44,613,3,0,0,754,6007,259315,2021-01-30
UT,Dehradun,112363,108137,3521,401496,1465464,793803,3,4,0,308,3611,30,24,0,5963,49795,1698560,2021-01-30
UT,Haridwar,51498,49096,1019,369542,1456257,635360,1,0,0,224,1907,10,8,1,3960,52191,1927029,2021-01-30
UT,Nainital,39232,38140,944,204422,722854,398680,0,3,0,31,288,10,14,0,2285,16850,955128,2021-01-30
UT,Pauri Garhwal,17686,16668,315,138878,431320,229262,0,0,0,25,108,3,5,0,2116,14253,686527,2021-01-30
UT,Pithoragarh,10260,9962,181,72686,318644,183765,0,1,0,89,609,3,6,0,930,10608,485993,2021-01-30
UT,Rudraprayag,8800,8535,106,52378,170911,113480,0,1,0,30,326,0,3,0,416,6212,236857,2021-01-30
UT,Tehri Garhwal,15835,14827,108,105111,381493,206527,0,0,0,12,120,0,0,0,2235,15658,616409,2021-01-30
UT,Udham Singh Nagar,37875,36315,761,337292,1277738,518326,0,0,0,167,3581,0,3,0,3588,48283,1648367,2021-01-30
UT,Uttarkashi,12548,12129,74,120026,234425,160687,0,0,0,12,83,4,0,0,1063,9910,329686,2021-01-30
WB,Alipurduar,15589,15441,102,0,949775,353666,4,5,0,579,1298,31,35,0,38488,29790,1700000,0
WB,Bankura,36313,35839,274,0,2245147,706177,30,21,0,38854,5692,161,133,1,220390,76120,3596292,0
WB,Birbhum,41197,40727,286,0,2152966,846286,20,20,0,6911,2868,176,102,0,99629,84919,3502387,0
WB,Cooch Behar,29275,29060,97,0,1444232,421663,10,13,0,3386,395,77,93,0,122592,26214,2822780,0
WB,Dakshin Dinajpur,17889,17573,170,0,1063493,363056,14,16,0,724,998,111,108,1,53398,21657,1670931,0
WB,Darjeeling,57143,56326,539,0,1324555,664306,23,31,0,945,1844,189,214,1,21148,69087,1842034,0
WB,Hooghly,86300,84650,990,0,3368156,1343978,58,74,0,41006,9034,472,497,2,274722,105570,5520389,0
WB,Howrah,98757,96567,1524,0,2905925,1254076,73,73,0,14299,4502,518,473,2,207351,95203,4841638,0
WB,Jalpaiguri,41982,41256,572,0,1144138,410719,16,17,1,9642,3130,102,120,6,53967,63773,3869675,0
WB,Jhargram,12135,12063,27,0,714456,211586,3,5,0,477,700,25,39,0,39020,19553,1136548,0
WB,Kalimpong,7036,6950,54,0,180713,124420,2,4,0,8,429,18,28,0,513,10626,251642,0
WB,Kolkata,322541,315146,5152,0,4784084,3039486,274,244,6,334,1626,1843,1553,25,36977,206020,4486679,0
WB,Malda,33406,33121,186,0,2029144,590497,32,8,0,2191,1771,77,51,0,227391,55976,3997970,0
WB,Murshidabad,33993,33605,328,0,3952659,976111,5,8,0,17667,1587,48,40,1,621102,86224,7102430,0
WB,Nadia,73333,72054,859,0,2798942,884320,31,48,1,15875,1863,302,326,8,251739,89327,5168488,0
WB,North 24 Parganas,329257,323097,4833,0,6547702,2720315,144,147,6,5231,7658,1066,961,27,235852,241201,10082852,0
WB,Other District,66,63,3,0,0,0,0,0,0,0,0,0,0,0,0,0,0,0
WB,Paschim Bardhaman,57778,57184,356,0,1789611,677747,32,25,0,286,786,213,149,1,94473,72103,2882031,0
WB,Paschim Medinipur,53581,52820,507,0,2758576,877978,26,28,0,6512,1457,181,198,1,270458,66132,5094238,0
WB,Purba Bardhaman,42005,41588,198,0,2596246,859528,16,25,0,17168,4002,147,176,2,260764,51741,4835532,0
WB,Purba Medinipur,63098,62549,397,0,3560589,1471674,16,17,0,5370,2226,94,120,1,71724,144185,4417377,0
WB,Purulia,19419,19283,113,0,1679941,492310,2,3,0,13266,1866,17,21,0,159111,40922,2927965,0
WB,South 24 Parganas,100957,98950,1336,0,4850898,1832073,75,74,1,7086,3270,542,470,5,310444,169231,8153176,0
WB,Uttar Dinajpur,19858,19559,238,0,1341457,436182,8,7,0,0,0,43,46,2,130243,44686,3000849,0
